cut02,year,population,dependency_rate,schooling,rural_share,sh_first_pea,sh_second_pea,sh_third_pea
1101,2002,166204,46.51140240301126,10.967772901810203,1.0878197877307405,6.61522633744856,6.923868312757202,84.836860670194
1102,2002,1275,83.98268398268398,6.602469135802469,100.0,66.600790513834,1.5810276679841897,31.225296442687743
1103,2002,1649,61.825318940137386,6.977966101694915,100.0,36.30952380952381,2.8273809523809526,57.886904761904766
1104,2002,2599,67.24581724581724,7.669734704926909,100.0,43.529411764705884,3.3484162895927603,52.488687782805435
1105,2002,6178,26.10736885078587,11.19017823284035,24.344448041437357,31.35573028353586,5.456278294019538,62.59232785322849
1106,2002,10830,46.31180761956228,9.654269972451791,33.499538319482916,31.20092378752887,6.720554272517321,59.65357967667436
1107,2002,50215,63.3751952108277,9.525819233914083,0.04978592054167082,6.34305640117341,8.363314329993912,83.68849283223557
1201,2002,185268,49.24719055866597,10.466458909420767,5.304207958201093,9.120356311367548,8.618570416323225,79.36459734212544
1202,2002,1220,48.78048780487805,8.14607948442535,100.0,41.21510673234811,2.955665024630542,55.008210180623976
1301,2002,1977,35.040983606557376,8.121821407451213,37.53161355589277,29.064039408866993,1.8472906403940887,66.99507389162561
1302,2002,1179,42.04819277108434,6.8633474576271185,100.0,27.821522309711288,0.7874015748031495,68.76640419947506
2101,2002,296905,47.752890065539674,10.852714556661924,0.3748673818224685,10.124604012671593,8.626821541710665,79.81414994720168
2102,2002,8418,48.67537972447899,9.921083044411425,6.296032311712995,25.50297534712383,12.439784641541513,61.12213091527345
2103,2002,2356,21.131105398457585,10.535749751737836,100.0,45.361411496869664,6.659077973819009,47.63801935116676
2104,2002,11100,52.1173084829382,9.256035656803268,13.837837837837839,33.83838383838384,6.3552188552188555,58.27020202020202
2201,2002,138402,50.897851045039744,10.594498405111848,1.3020043062961517,16.99309179098993,7.260968619093114,74.15668405967517
2202,2002,318,48.598130841121495,8.23913043478261,100.0,22.68041237113402,14.432989690721648,62.371134020618555
2203,2002,4969,39.22667413841412,9.368873168266802,60.99818877037634,16.601983613626565,3.3203967227253126,78.8702026735662
2301,2002,23986,56.54614280120088,9.7379109688682,2.6432085383140165,12.445233866193012,7.116637063351096,78.06986382474838
2302,2002,7530,43.37395277989338,10.467962962962963,1.5670650730411688,35.34183082271147,9.009269988412514,53.96871378910776
3101,2002,129091,52.85724435182115,10.157621340836535,2.4076039383070857,18.833401555464594,5.532132623823168,73.71878837494883
3102,2002,13734,54.592525889239084,9.604153814517787,1.4125527886995777,30.383536014967262,9.242282507015902,58.709073900841915
3103,2002,12888,51.072558902824994,8.329885683179096,33.44196151458721,60.08161751066593,3.3574475978482656,34.70599146726025
3201,2002,13543,58.731833098921705,9.289517996211323,2.680351473085727,20.95703125,6.26953125,70.48828125
3202,2002,18589,47.36800380529571,10.334235656816302,4.922265856151487,24.43467336683417,9.937185929648242,64.37185929648241
3301,2002,48040,58.74694336131121,9.086844418400235,8.930058284762698,20.12260445185097,5.904059040590406,70.74157838352578
3302,2002,4840,62.36162361623616,6.577233509602004,100.0,58.46841811067635,2.4594745667970934,37.3951928451649
3303,2002,5666,63.238259867473346,7.893579373104146,38.77515001764913,36.84776761699838,5.594405594405594,54.49166218396988
3304,2002,7945,57.4826560951437,9.117430226434966,18.879798615481434,24.957088911774804,7.140405080672846,65.46515619636114
4101,2002,160148,52.213129556233554,10.578124068633713,7.701001573544472,11.782916241503951,7.319140104806213,78.50780858165717
4102,2002,163036,53.09263345696981,9.969621906838253,5.348511985083049,13.66599085135973,9.580938657194082,74.31343308590674
4103,2002,10288,59.75155279503106,7.988447071466953,8.203732503888025,35.233322893830255,7.798308800501095,53.805198872533666
4104,2002,3721,54.14250207125103,6.601694915254237,70.9755442085461,44.729344729344724,3.0626780626780628,51.13960113960114
4105,2002,4168,62.81250000000001,8.427184466019417,100.0,44.093493367024635,5.180037902716361,50.22109917877447
4106,2002,24010,57.143792132993,8.553216103655714,46.230737192836315,43.174303259329236,7.3925366084081245,47.41379310344828
4201,2002,30355,57.14137806077548,8.227671936224834,28.097512765606986,22.738436348751534,6.426524764633647,67.3454768726975
4202,2002,9379,67.15380502584209,6.083443126921388,81.40526708604328,23.814087206516533,4.360325826545281,68.80689985625298
4203,2002,17453,56.318853560232874,8.338260869565218,26.322122271242765,23.51102079099578,5.9715491636704705,68.62591839924966
4204,2002,24494,52.73430192679429,8.29466344570111,48.19547644321058,31.346841477949937,6.2737024596380975,60.234044858597905
4301,2002,98089,58.479012505250914,8.722812161931333,24.772400574988023,31.93433793617143,5.09368016959835,60.8691915430012
4302,2002,13483,62.11374293615486,6.8333662388943734,59.25239190091226,29.833971902937424,4.444444444444445,62.630906768837804
4303,2002,30276,61.428952279392156,7.264161525518788,55.938697318007655,52.01115093588212,2.986857825567503,43.070489844683394
4304,2002,9539,62.615069894306174,7.1678321678321675,62.102945801446694,51.10876451953538,5.913410770855332,40.58430130235832
4305,2002,4771,67.05182072829132,6.681701398801028,100.0,50.685920577617324,4.981949458483754,41.588447653429604
5101,2002,275982,48.56992124203941,10.447645343513601,0.304730018624403,2.150113978555146,8.79088922034916,87.01394947419769
5102,2002,21874,55.002834467120174,8.919177306748852,30.46996434122703,24.503390032116094,16.046152016176997,57.880337813726655
5103,2002,32273,51.3529991089434,10.642969916791124,2.2154742354289962,5.407517386887552,9.517855747440807,83.30077361881692
5104,2002,633,42.88939051918736,9.695833333333333,5.529225908372828,35.52238805970149,2.6865671641791042,60.895522388059696
5105,2002,12954,53.39253996447603,9.053162991963735,14.319901188821985,13.905508561997113,7.551062512894574,76.85166082112647
5106,2002,128578,51.68581742679849,10.85255840106323,1.3104885750283874,2.7627065793576553,10.048851470741086,85.12212867685271
5107,2002,21174,57.04220129051399,9.835824725732982,11.594408236516482,12.8475935828877,10.334224598930481,74.29144385026738
5108,2002,95623,53.26900575421949,10.838520035918734,0.8585800487330453,3.0616890507625767,9.978943774186206,84.7968358752561
5109,2002,286931,49.318796835970026,11.170929077188868,0.0,1.5996351866092027,8.56149072765965,87.94953414760636
5201,2002,3791,51.70068027210885,10.384731670445957,12.846214719071487,8.7882096069869,9.388646288209607,81.33187772925764
5301,2002,60198,49.95889694342725,10.384005020845475,7.990298681019303,12.223607647547798,7.497921862011638,78.44970906068163
5302,2002,10393,53.94756332395201,8.628522742168043,47.58972385259309,36.760925449871465,6.966580976863754,54.37017994858612
5303,2002,6692,54.69255663430421,8.37131751227496,14.42020322773461,40.790513833992094,5.059288537549407,52.72727272727272
5304,2002,14400,51.48327372185988,8.505873508128936,47.625,33.2381292395573,5.4801856479828635,59.835772938236346
5401,2002,31987,52.507866882807285,8.606140500085049,24.300497076937503,20.715206185567013,18.355347938144327,58.706507731958766
5402,2002,18916,55.9439406430338,8.133551457465794,34.16684288433072,41.888437828897914,6.074274545181176,49.91730566832055
5403,2002,4608,56.04470030477481,8.752979737783075,5.750868055555555,17.58641600970285,4.972710733778047,75.19708914493633
5404,2002,9440,60.76294277929155,7.740456890198968,51.95974576271186,34.434434434434436,4.170837504170837,57.79112445779112
5405,2002,5659,56.585500830105154,8.779575084500241,16.168934440713905,15.552523874488402,4.365620736698499,78.49022282855843
5501,2002,75916,51.841110466627995,9.811498800749312,13.028874018652195,21.884783969943644,7.089682042718986,69.32442774646907
5502,2002,49503,53.31702180376611,9.337306903622693,3.3674726784235296,12.78348189100756,12.58603181766896,72.43596976193163
5503,2002,16014,55.59657986785853,7.865331252167881,48.81978269014613,52.30296827021495,5.6806550665301945,40.66871374957353
5504,2002,12851,54.64500601684718,9.434554424267871,17.430550151739162,35.84437086092716,5.422185430463576,56.80877483443708
5505,2002,39219,55.212126009181574,9.393026777724238,10.890129784033249,22.34694580263067,8.084842641691344,67.81902072859995
5506,2002,21633,53.84013653818802,8.613388324873096,13.567235242453659,30.45803620405924,9.229292375205706,57.87164015359297
5507,2002,14105,57.29898516783762,8.676606387071951,26.41616448068061,26.29135229251306,5.900561036951054,65.66066937512092
5601,2002,87205,52.007181578901495,9.570331528568547,4.323146608566023,8.703754620719153,8.87483579262518,79.67189075245166
5602,2002,8601,55.05678745267713,9.441748327889252,22.93919311707941,10.288808664259928,5.6859205776173285,82.61131167268351
5603,2002,16875,57.22537967017609,9.314594251230744,9.321481481481483,9.090909090909092,7.962840079628402,80.5242203052422
5604,2002,9467,60.702766932609066,9.600027960296378,5.661772472800253,6.118881118881119,8.42074592074592,84.46969696969697
5605,2002,7028,60.529922338967566,9.588093917544832,6.033010813887308,7.154471544715448,7.317073170731707,83.6178861788618
5606,2002,7418,54.15627597672486,8.943492526430916,36.14181720140199,31.80494905385735,5.49490538573508,60.80786026200873
5701,2002,64126,54.815190362376576,9.764351357127591,9.92733056794436,15.675417280803092,11.978647970362108,70.89989244313428
5702,2002,12112,53.68608044664383,7.908302354399009,44.6334214002642,44.9730489805484,7.593156784626201,45.84016873681744
5703,2002,21644,54.67733866933466,8.620619860847565,25.083163925337278,34.39680957128614,9.234795613160518,54.63609172482552
5704,2002,6567,56.46890636168692,8.130787283976957,55.778894472361806,51.19578435346575,7.458451560599919,40.49452776651804
5705,2002,14649,59.17635553623818,8.131486611265005,50.754317700866956,30.005918327086214,9.646873150522786,58.61116591043598
5706,2002,12813,54.727689892525056,8.42437513351848,36.58003590103801,42.77951933124347,4.555903866248694,51.07628004179728
6101,2002,214344,50.703443039042675,10.2166122425505,3.43979770835666,13.481521855042242,9.8475064279536,74.9505314169935
6102,2002,10796,51.67181792638381,8.113592852584556,51.34309003334568,44.58255159474672,9.099437148217635,44.9812382739212
6103,2002,6385,58.162001486252166,8.124099957645065,35.755677368833204,40.07525870178739,12.605832549388523,45.672624647224836
6104,2002,16228,57.32428502181289,7.64502750740584,57.12349026374169,45.90163934426229,8.831306187202538,44.12127622069452
6105,2002,16916,53.823770119123395,8.717175820604485,7.838732560889099,20.6385780118499,24.308755760368665,53.12705727452271
6106,2002,25961,52.362227830271735,8.87863430248066,12.661299641770349,30.19188486907855,13.651808914651209,54.49730161902858
6107,2002,20242,55.14677703686671,7.421864475279537,62.71119454599348,46.82301608944641,4.622307062994273,47.30024543223343
6108,2002,28628,53.93053016453382,9.592383292383293,6.203716641050719,18.91025641025641,7.893772893772893,71.88644688644689
6109,2002,12872,54.61861861861862,7.953103300929388,63.41671845866998,41.033568904593636,17.86660777385159,39.57597173144876
6110,2002,21866,50.654540443709514,8.573538615596446,18.1240281715906,27.85207582277009,13.175950691940924,57.646237934643565
6111,2002,12335,53.9181432493137,8.174695364992598,35.97081475476287,36.10875106202209,11.51231945624469,51.18946474086661
6112,2002,13948,55.06392440244581,8.317323846229865,45.31115572125036,42.184154175588866,10.901304263188631,45.43507883978976
6113,2002,17756,54.29266597149809,7.3151676829268295,72.03762108583014,56.099162699064195,5.729765227384666,36.46363487112133
6114,2002,11380,54.26325064389318,7.800412271128895,48.59402460456942,52.09580838323353,10.035928143712574,36.455089820359284
6115,2002,50830,55.51476212329815,8.762512050681725,27.060790871532557,27.286967418546364,14.687761069340016,56.57372598162071
6116,2002,22161,53.67172872893696,8.307799796747968,49.609674653670865,40.42746703046839,13.040018190086403,45.543428831286946
6117,2002,40253,55.0518084819537,8.476137286758732,45.43263856110104,34.44148026540803,11.498734523565224,52.43176687871948
6201,2002,12392,54.803247970018745,8.073138589940699,23.668495803744353,32.25587703435805,7.2784810126582276,59.38065099457505
6202,2002,4221,36.337209302325576,8.095210617426428,67.30632551528075,29.701230228471005,5.184534270650263,63.53251318101933
6203,2002,5526,57.57057313943541,7.196116982059474,55.139341295693086,32.842334969994546,6.492089470812876,58.97435897435898
6204,2002,6904,54.83292217986096,7.364326006613499,68.01853997682502,43.63188167625308,12.900575184880855,41.86524239934265
6205,2002,5422,59.98819710829153,6.818289504856669,86.86831427517521,27.453769559032715,5.476529160739687,64.15362731152204
6206,2002,6695,60.59006956104581,6.013597280543891,67.21433905899926,46.37605042016807,4.411764705882353,47.42647058823529
6301,2002,63732,53.674768518518526,9.510911286496745,19.76401179941003,18.540093202635386,11.730676522577536,68.46376345813916
6302,2002,13857,54.01800600200066,7.1517294835771725,49.852060330518874,55.39116789957409,3.855637749383546,38.825375476350594
6303,2002,32316,53.622361665715914,7.6271056661562024,47.737962619136034,52.034422257498534,9.023310218063331,37.41331773748851
6304,2002,6191,57.37163192679206,6.544793671156724,65.78904861896301,52.906403940886705,8.029556650246306,37.635467980295566
6305,2002,15634,56.27748900439824,7.98664662186063,40.74453115005757,48.11234725515229,8.881998905708553,40.434068940361115
6306,2002,11200,52.0293199402742,7.418329101680571,81.35714285714286,48.977987421383645,15.513626834381553,34.11949685534591
6307,2002,9729,55.216975111678366,7.291545592915456,39.541576729365815,37.743774377437745,18.57185718571857,42.21422142214221
6308,2002,8078,55.43582836251684,7.4458523399222845,73.83015597920277,53.36292249914647,11.94947080914988,32.912256742915666
6309,2002,3442,59.130836800739715,6.212389380530974,100.0,47.80952380952381,9.142857142857142,40.19047619047619
6310,2002,32387,55.11015325670498,8.428858807258706,42.56028653472072,28.157827312323853,9.069946195234435,61.29473054915022
7101,2002,201797,49.63554527321128,10.06572007569149,3.98519304053083,6.597911728909102,12.917814361668054,78.07571584139389
7102,2002,46081,56.791425654984685,8.545539525753279,19.26824504676548,23.13406848520023,19.704004643064422,55.03772489843296
7103,2002,10812,57.402824283010624,6.215970961887478,70.80096189419164,49.891481280520885,5.887140531741726,41.996744438415625
7104,2002,4225,60.89108910891089,6.049411764705883,40.85207100591716,49.61349262122277,12.719606465214337,35.91004919184821
7105,2002,16837,55.609981515711645,7.5181818181818185,59.97505493852824,41.63905841325196,13.931996512641673,41.84829991281604
7106,2002,7266,56.763754045307444,6.844889476667296,74.92430498210845,64.34782608695652,3.739130434782609,29.043478260869566
7107,2002,8315,53.384984320236114,6.532142287446164,75.50210463018641,63.99111675126904,6.408629441624365,27.220812182741117
7108,2002,12698,52.528528528528525,6.493336199484093,79.12269648763585,68.91689809869686,4.165776543473617,25.699636829737237
7109,2002,37261,56.04087273336405,6.9518728547977915,64.04283298891602,53.82211538461539,4.423076923076923,39.51121794871795
7110,2002,7674,57.479991791504204,6.913282107574094,54.62600990357049,44.89549839228296,8.60128617363344,44.29260450160772
7201,2002,41217,60.1530929437364,7.879894788755548,25.343911492830628,24.721959729592207,13.74572944682707,58.18855855200988
7202,2002,9457,58.6744966442953,6.783701336432307,57.57639843502168,41.421392677674085,12.885857860732234,42.67767408470926
7203,2002,6414,56.89823874755382,7.282983193277311,39.55410040536327,32.95975547631177,5.705552725420275,59.39887926642894
7301,2002,119585,50.650675871452144,9.215353051803728,15.954342099761675,20.954386249063635,12.013848116129816,65.68947016783756
7302,2002,9741,55.68163656704491,7.00826218672542,46.63792218458064,46.97015375339162,7.446487790171842,43.83479047331926
7303,2002,6902,54.78806907378336,7.8252446183953035,42.422486235873656,27.46013224426293,15.869311551925321,54.57020614546869
7304,2002,38521,49.48581629089216,8.116830037061412,26.710106175852133,36.28499735868991,15.511093502377179,46.711568938193345
7305,2002,8566,54.70471374390464,6.888519398258116,63.64697641839832,58.44199264460047,5.0819124038783015,34.63724506853895
7306,2002,12707,48.60250263127119,7.468474215842637,71.07893287164555,53.30309603628476,10.234667718398738,35.35791757049891
7307,2002,17519,49.92725716730851,7.028452783758843,71.00291112506422,60.968530400244425,10.189428658722884,27.37549648640391
7308,2002,25596,52.1669341894061,7.001708671507902,73.71073605250821,54.616101958346285,8.93171692052637,35.03263910475599
7309,2002,4916,56.06349206349206,7.020193637621023,72.17249796582588,31.064073226544625,3.775743707093822,62.81464530892449
7401,2002,83249,54.35346905477064,9.055575663847849,18.04826484402215,16.62226607465877,10.462095050156224,70.40289426081236
7402,2002,17619,56.27993613624268,7.080225634597305,70.75883988875646,47.056756281848536,6.712352837814092,43.437005798629414
7403,2002,28161,55.011834645235865,6.581739002789059,77.9624303114236,56.569773678000644,4.558618470449426,36.576209374664806
7404,2002,37822,57.63107443527549,7.93129937743474,30.207286764317065,28.994757237292003,8.813919914900085,59.0228706025378
7405,2002,18487,56.39116825987649,6.734280824466106,74.5334559420133,64.07899216887981,4.56247871978209,29.162410623084778
7406,2002,37793,55.73824535377261,7.835734142026788,41.77757785833355,30.735768394209856,12.750318757968948,53.99384984624616
7407,2002,14725,53.17798814105898,7.662744388124548,62.94736842105263,43.21933962264151,10.397012578616351,43.8875786163522
7408,2002,16134,52.85646612979631,6.620172222695882,90.11404487417876,62.62951053947838,5.216148624508754,30.671668453018935
8101,2002,216061,44.15310608941641,11.150497252106518,1.8781732936531812,3.425360313066718,12.14088002290732,82.23608857497375
8102,2002,95528,51.998472505091655,9.498915024737435,4.249015995310276,15.134123914008498,18.751981736318093,63.2094616018771
8103,2002,81302,50.75468199517894,10.58527665799187,0.0787188507047797,3.277305470828736,13.852294113829581,80.66065286520865
8104,2002,10177,55.587830606940834,6.728802418824767,61.923946153090306,44.88002703616086,5.88036498817168,46.299425481581615
8105,2002,18768,56.42607101183531,8.134746012994684,21.3768115942029,21.543836300116453,10.81350856762602,64.16569622359009
8106,2002,49089,50.7277081798084,8.833287147370172,0.2322312534376337,11.87914707208658,16.407910841976424,67.35167171294208
8107,2002,46016,47.21822311802156,9.66018676220121,1.4234179415855355,6.248863567488939,13.467482877750166,77.59864234196013
8108,2002,80447,49.34375406092784,10.556264909299971,0.3579996768058473,6.206694642334342,13.90976220682476,77.48609349077779
8109,2002,12713,60.093187256013096,6.89165857343261,44.190985605285924,39.632768361581924,5.169491525423728,52.06214689265537
8110,2002,163626,48.06844815260572,10.383111921721342,0.3605783921870607,11.084181894266983,15.568768307992748,70.56249128190821
8111,2002,52440,53.2437171244886,9.168133870595181,12.358886346300533,19.43421493136927,14.808615109920767,62.36469144068742
8112,2002,86722,47.393646854870234,10.455491771909683,0.9155692903761444,5.078999751181886,16.054988803184873,76.24409056979347
8201,2002,25035,56.26365395418513,8.283712291760468,12.158977431595765,34.9949005609383,7.2157062723100465,54.01580826109128
8202,2002,34873,55.218765300218095,8.34438394837669,30.407478565079,30.303786933000413,16.046608406158967,51.26092384519351
8203,2002,31270,60.63906298160896,7.746892707000549,36.55580428525744,31.681304893350067,6.942701798410707,57.28774571309076
8204,2002,5838,61.22618061309031,6.775334608030593,58.17060637204522,43.81384790011351,5.10783200908059,47.72985244040863
8205,2002,31943,56.47594787890663,8.161923670858151,5.688257208152021,27.169411538091108,12.857555619763076,56.37099104305114
8206,2002,18632,61.49778972003121,7.482628165534281,12.011592958351223,31.484388627245767,15.559044130472701,49.48543519972091
8207,2002,9664,65.82017844886754,6.484285493110389,74.04801324503312,39.898523985239855,3.8284132841328415,51.70664206642066
8301,2002,166556,54.58207265234905,8.989159710256454,25.88378683445808,14.960372044278508,13.881247134342045,68.8494792690116
8302,2002,3908,60.69078947368421,7.43128295254833,49.38587512794268,15.04424778761062,6.88298918387414,74.23795476892822
8303,2002,25282,54.97119038862327,7.632483796550588,28.656751839253225,21.9985447489692,24.072277467863206,51.5158864904196
8304,2002,22404,55.249116485344054,8.308173762161493,27.29869666131048,10.736196319018406,22.538708735027754,63.90593047034765
8305,2002,29003,60.157932519741564,7.534278387923944,24.76985139468331,36.75781675563787,8.94432944765225,51.116679376838434
8306,2002,25971,58.37907061836809,7.907704042715484,19.587231912517808,18.591791594986486,22.62226591300074,56.16859179159499
8307,2002,8579,59.90680335507922,7.041906327033689,38.419396200023314,39.40548780487805,12.271341463414634,44.74085365853659
8308,2002,4021,59.31061806656102,6.987650200267023,59.91047003233027,35.1985559566787,4.332129963898916,56.85920577617328
8309,2002,10428,62.227753578095836,6.945437690372136,47.39163789796701,44.091829844699525,7.393652937204591,44.49696151249156
8310,2002,3918,54.009433962264154,8.41519250780437,17.075038284839202,9.83284169124877,11.11111111111111,73.6479842674533
8311,2002,12943,64.08468559837728,7.418369589101297,47.168353550181564,29.258463191832345,4.4331004836109615,62.09027404621171
8312,2002,12777,60.253355073372624,7.692839663794021,30.914925256319947,26.990144048521607,14.783927217589083,54.66262319939348
8313,2002,20498,54.73692156714728,7.252721066529271,46.6533320323934,31.512951658142217,11.45025573337733,53.934994225375355
8314,2002,7027,43.057817589576544,6.6370767170461065,84.43147858260993,15.092290988056462,2.2439377488237424,80.52841114730366
8401,2002,161953,48.602547162886296,9.8980380180433,8.606200564361265,7.408996402758985,10.064024289627405,79.92475495858223
8402,2002,20595,55.04780546563276,7.955876480766671,39.23767904831269,29.917200437431653,10.52960474925793,56.116231838775185
8403,2002,5687,55.085901281701666,6.384087791495199,73.74714260594338,46.39107611548556,5.774278215223097,44.55380577427822
8404,2002,16082,53.147319302923535,7.529,38.78248974008208,27.015008337965536,14.971280340930146,55.28997591254401
8405,2002,23583,58.41338080204205,6.919408480817199,69.34232285968707,57.67899182938652,4.583852651987259,34.71818307713613
8406,2002,22084,56.61300616977519,9.184854518594642,14.74823401557689,10.900723208415517,13.201840894148587,73.67521367521368
8407,2002,12845,59.9626400996264,6.718421616984774,65.54301284546517,56.73836101279608,4.982303294309828,36.237408113258915
8408,2002,5738,57.81078107810781,6.030633557669993,75.0261415127222,42.805755395683455,5.899280575539569,47.55395683453237
8409,2002,11421,57.011273027220234,6.270226349390597,89.99211977935381,61.68535919975751,5.425886632312822,29.039102758411637
8410,2002,8821,57.85612025769507,6.806780725160885,56.4221743566489,40.98360655737705,5.263157894736842,46.59188955996549
8411,2002,9875,55.68343055336592,7.3686958911639415,56.67848101265823,34.81455563331001,6.22813156053184,55.738278516445064
8412,2002,5470,58.873075805983156,6.462527825871877,68.00731261425959,45.41547277936962,9.383954154727794,42.76504297994269
8413,2002,15146,55.66289825282631,7.0794122791673955,50.2442889211673,37.449301487156376,8.449752140603875,50.29292474087427
8414,2002,11429,54.69680563075258,7.474836905871388,30.42260915215679,34.30799220272904,6.711222500696184,54.52520189362294
8415,2002,5683,55.10371179039302,7.1574116567232675,76.47369347175787,48.71150219987429,8.610936517913261,39.28346951602766
8416,2002,50088,56.402810304449645,7.748686371100164,38.07299153489858,26.921682378535174,11.741600193376843,58.34541938602852
8417,2002,3646,62.55015604101649,6.448526597780329,60.175534832693366,36.19402985074627,7.369402985074627,52.23880597014925
8418,2002,16106,60.051674450958956,6.952924026753559,69.74419471004595,60.648356596127876,4.389914452949122,32.0351193156236
8419,2002,9741,50.41692402717727,6.5603976576331196,64.80854121753413,42.05669083717864,10.481212920237311,44.46275543836519
8420,2002,5296,56.362562739887814,6.121889283900457,76.4916918429003,40.794223826714806,17.11191335740072,38.98916967509025
8421,2002,16814,57.863111444934745,8.084297116794266,31.788985369335077,19.47700631199279,26.78088367899008,51.27141568981064
9101,2002,245347,48.4513314495586,10.688666016673423,5.224844811634134,4.136067840946858,9.276670561874846,84.12255968781157
9102,2002,25696,62.10964607911173,6.9491997596547765,54.87235367372354,37.41506228765572,5.86070215175538,53.18516421291053
9103,2002,18703,65.27925061859314,7.531448657542443,52.916644388600766,39.99609222352481,5.881203595154357,50.35169988276671
9104,2002,6784,70.79556898288017,6.578775332316408,72.55306603773585,31.538034425319267,6.385341476957246,59.35591338145475
9105,2002,25514,60.18332496233049,7.340051201045808,70.0987693031277,47.05309303458354,7.86653677545056,41.30540672187043
9106,2002,12596,67.43320483849529,6.164347627737226,71.90377897745316,42.9776192020759,7.135906584495622,45.92928965293545
9107,2002,15222,58.959899749373434,8.03337159000618,38.16187097621863,34.183033848725444,9.966569160050147,52.38194734642708
9108,2002,32218,58.38167338511454,8.257383234311982,34.59867155006518,21.047746725791484,10.17840569248221,64.96854697329071
9109,2002,23037,60.447137484329296,7.784550898203593,33.91934713721405,23.721852428834442,16.060048151819856,56.70584902988245
9110,2002,5628,66.45962732919256,6.864985163204747,58.546552949538025,36.3901018922853,10.553129548762737,49.19941775836973
9111,2002,29994,59.97653208171102,7.746280272856293,50.05667800226712,35.2523247309581,7.146588653223279,54.1218263504336
9112,2002,58795,54.93570148624434,8.25564914457515,42.68730334212093,14.5201146584956,11.164376791538993,71.23653256894336
9113,2002,6450,60.60756972111554,7.313637336758724,54.58914728682171,41.42394822006473,13.646170442286948,40.722761596548004
9114,2002,21988,57.259333428694035,8.210114607967983,38.96670911406221,21.801082929609574,9.50413223140496,65.916215445996
9115,2002,21107,58.49665840654802,8.792161359956827,34.44354953333018,11.025473546701502,7.015022860875245,80.36577400391901
9116,2002,14034,67.79053084648493,6.37884576714257,80.91064557503206,37.76707794161902,4.39362022269034,53.89708095094794
9117,2002,15504,59.966983078827894,6.645626770538244,59.726522187822496,51.114413075780085,3.3750796009339843,43.28168117172575
9118,2002,11216,66.60724896019013,7.027482269503546,63.24001426533523,50.994676379938355,4.5390865788736345,41.720369851499015
9119,2002,22491,60.5926454837558,7.468268869695832,59.87728424703215,36.10580455547392,7.465099191770756,52.1234386480529
9120,2002,45531,59.701858996843214,8.57246758070007,32.22419889745448,13.893991078457098,12.050642875885595,71.85778011020729
9121,2002,10065,67.7220463256124,6.427778568379109,66.66666666666666,57.528011204481786,4.376750700280112,35.22408963585434
9201,2002,48996,57.09384718971432,8.710286696924422,10.602906359702832,19.402167295750637,8.596128089614027,68.452453427493
9202,2002,22354,61.37741842333237,7.2830870695668715,28.397602218842266,31.627767803710356,7.839616995810891,57.40574506283662
9203,2002,16970,59.76275654302391,8.026604321186714,26.85916322922805,25.02298216583931,8.806765949623092,61.72090457804743
9204,2002,9041,66.71583994099207,6.373939490955658,64.18537772370313,40.476190476190474,4.5592705167173255,51.21580547112462
9205,2002,10237,62.82805789724829,6.80706942684129,66.44524763114194,35.75981214357598,3.58939953035894,56.18919825561892
9206,2002,7581,60.75063613231551,6.229241877256317,52.011607967286636,41.66268514094601,3.9178213091256566,51.122790253225034
9207,2002,11405,62.71936082180054,5.642102646949174,63.770276194651466,53.01859799713877,4.234620886981403,40.08583690987124
9208,2002,12868,67.13858942719834,7.01579181494662,40.90767796083307,34.76098369715391,7.543520309477756,53.49544072948328
9209,2002,9128,56.35491606714629,7.318961658958675,24.64943032427695,35.294117647058826,7.42467718794835,54.08895265423242
9210,2002,19534,59.578465811616695,7.612259096917832,27.613392034401556,26.77768526228143,7.7102414654454625,62.33139050791008
9211,2002,33501,58.008678426563534,8.552483925134128,28.42900211933972,20.766165549719254,9.174062669806196,65.82140916500634
10101,2002,175938,49.26191122573639,9.45821826975583,11.392081301367528,13.889515818541481,11.092229465103621,73.53132509326501
10102,2002,31070,59.932053327842695,6.924038115785689,60.84647570003219,40.15376065209337,19.368284549833273,39.023712486105964
10103,2002,4363,52.39259517988124,6.961094224924012,100.0,54.38365194462755,4.218852999340804,40.01318391562294
10104,2002,12804,60.874481718808894,6.96191203754229,52.014995313964384,47.13915705203674,6.098422415822934,44.902283965151874
10105,2002,15525,55.43652382859431,7.9419654833229005,41.268921095008054,29.93530337471586,12.082531911173282,56.33852072040566
10106,2002,16964,55.17746066593487,6.695225058378291,66.35817024286726,51.91040843214756,4.331357048748353,42.210144927536234
10107,2002,16337,53.70213566657258,8.296520552618114,22.09095917243068,23.798664277569635,24.808600749307704,49.535755008959114
10108,2002,15580,58.14047909053998,7.141745512423733,55.738125802310655,49.480369515011546,6.832178598922248,41.28175519630485
10109,2002,32912,52.80189423835833,9.064204378335225,26.139402041808456,17.558037026153393,9.205113135468704,71.7749044960329
10201,2002,39366,53.64140192022481,8.940951187243229,25.956409083981104,18.20220399794977,12.903639159405433,67.35648385443362
10202,2002,39946,53.32591256285265,8.252800879785552,31.677764982726682,29.842258479452983,12.314670638413107,55.900074470245755
10203,2002,12572,52.79533300923676,7.30573726541555,63.50620426344257,35.74890376182783,19.57073621047773,43.20332333256404
10204,2002,3403,62.745098039215684,6.9972288202692,100.0,44.40860215053763,13.655913978494624,39.462365591397855
10205,2002,10693,59.835575485799694,7.311895424836601,53.86701580473206,40.4096834264432,21.308858739026338,36.898111199787174
10206,2002,4160,62.75430359937402,6.634602757715036,100.0,45.78313253012048,10.327022375215146,41.73838209982788
10207,2002,5138,63.2666031140769,6.366758241758242,62.78707668353445,47.57462686567165,10.323383084577115,39.863184079601986
10208,2002,21823,49.82150212824386,7.397117232543241,37.42381890665811,41.415520319227134,16.192376351989918,41.17399978998215
10209,2002,8689,62.99005815044082,6.542407878017789,80.83784094832546,49.4964565460649,12.047743379336069,36.516225289071244
10210,2002,8976,59.43161634103019,7.176686553464892,61.54188948306596,42.35578862444534,6.4138765631302945,49.65711980637354
10301,2002,145475,50.57341586105534,9.35606865889617,9.094346107578621,8.884735650361211,11.102325414225641,77.80074039463753
10302,2002,10236,56.92166181204967,7.423901098901099,66.75459163735835,58.2911748173131,5.958403597526701,34.092186621697586
10303,2002,20705,59.02457757296467,7.581721854304636,35.93334943250422,34.329415097011754,11.443138365670585,51.536609545390164
10304,2002,11368,51.33120340788072,7.434222957014644,65.41168191414496,38.61798578779711,5.09679000245038,54.71698113207547
10305,2002,14732,56.67340210571095,7.488363536013246,55.31496062992126,44.47626841243862,6.751227495908347,45.90834697217676
10306,2002,8831,60.70973612374886,5.601028999064546,89.78598120258181,56.295445847684654,5.357826253348642,37.00727133562955
10307,2002,10162,58.65729898516784,6.969777306468717,65.77445384766779,48.61244019138756,4.81658692185008,44.52950558213716
10401,2002,7182,50.345405065940966,7.992707733640376,43.400167084377614,30.55770720371805,3.4082106893880715,64.56235476374903
10402,2002,1826,56.87285223367697,7.5049279757391965,36.856516976998904,35.215053763440864,5.241935483870968,58.1989247311828
10403,2002,8273,56.47815396254965,6.663719823189392,70.91744228212256,40.030268634127886,8.134695421869088,50.17026106696936
10404,2002,1690,57.79645191409897,7.529556650246305,100.0,25.52166934189406,3.0497592295345104,69.34189406099517
10501,2002,140559,48.15958680299357,10.247779190805897,7.546297284414375,6.577665172480998,11.403235236795945,79.71155720132528
10502,2002,5463,57.118205349439165,7.312098765432099,32.820794435291965,33.27137546468401,8.426270136307311,56.07187112763321
10503,2002,14981,64.95265360052852,7.152981764415968,43.93565182564581,32.35611123086872,9.46324638930804,56.068118128907095
10504,2002,39447,56.25668449197862,8.051424188543736,35.06477045149188,24.24152948992397,14.135971063704142,58.773160109249275
10505,2002,10098,64.22182468694096,6.376550169109358,78.16399286987522,40.53243344581927,4.986876640419948,50.95613048368954
10506,2002,15107,60.76407364052358,7.806085753803596,31.270272059310255,23.862660944206006,13.755364806866952,59.69957081545064
10507,2002,20168,60.31796502384738,7.530997114910985,52.99980166600555,32.98035604665439,13.996316758747698,50.951503990178026
10508,2002,7213,63.04249547920434,7.437536316095294,47.37279911271315,40.99783080260303,6.594360086767896,49.15401301518438
10509,2002,18223,64.24515547543939,7.5272784362979825,51.02343192668606,38.76142832499569,9.108159392789373,49.473865792651374
10510,2002,19237,57.80968006562757,7.47203245089667,48.15719706814992,31.583865441520015,10.91730260084099,54.975860457872606
10511,2002,33273,59.805004562701114,7.008487751586201,52.249571724821934,29.302821681373025,10.336468534858916,57.558421409871045
10512,2002,32627,58.49120761682697,7.336169137466308,53.86029975173936,42.03130894002263,6.780460203696719,48.28366654092795
11101,2002,50041,52.475700051799265,9.369015433141827,10.373493735137188,11.868340042623728,5.612124082405873,81.33080748283211
11102,2002,1062,46.68508287292818,7.34863523573201,100.0,32.407407407407405,1.8518518518518516,65.55555555555556
11201,2002,22353,51.17678885432165,8.376049104346738,12.4054936697535,29.900757656600153,9.347988475082703,59.79084409347989
11202,2002,5739,44.77800201816347,8.359924026590694,56.31643143404774,39.76115208991921,5.619950825430277,54.127151387425364
11203,2002,1539,55.45454545454545,6.892093023255814,8.317089018843404,46.92982456140351,6.286549707602338,46.198830409356724
11301,2002,2867,55.5615843733044,7.760591133004926,22.671782350889433,30.681818181818183,3.4090909090909087,63.63636363636363
11302,2002,463,47.92332268370607,7.9879518072289155,100.0,24.4,2.8000000000000003,72.8
11303,2002,507,38.52459016393443,8.052356020942408,100.0,20.33195020746888,2.904564315352697,75.10373443983403
11401,2002,4444,55.602240896358545,8.234798877455566,31.54815481548155,30.718562874251496,3.8922155688622757,63.35329341317365
11402,2002,2477,63.93117140966248,6.687709497206704,100.0,37.448132780082986,5.186721991701245,56.43153526970954
12101,2002,119496,46.583089020007115,10.316541842688698,2.921436700810069,9.099047126459647,8.382899998010702,81.22302015158448
12102,2002,663,20.76502732240437,9.29861111111111,100.0,55.34591194968554,0.9433962264150944,43.39622641509434
12103,2002,358,12.225705329153605,8.78134110787172,100.0,70.28753993610223,4.792332268370607,24.920127795527154
12104,2002,1158,21.894736842105264,10.171597633136095,100.0,37.7030162412993,9.048723897911833,52.90023201856149
12201,2002,2262,41.55193992490614,10.78448275862069,13.704686118479223,31.454248366013072,5.555555555555555,62.254901960784316
12202,2002,130,11.11111111111111,13.427350427350428,100.0,0.0,0.0,100.0
12301,2002,5465,40.30808729139923,9.052607184241019,13.376029277218665,21.72158708809684,11.869535978480162,65.73638197713517
12302,2002,1016,28.445006321112515,9.85439229843562,100.0,31.734837799717912,9.449929478138223,58.67418899858956
12303,2002,423,10.443864229765012,8.343980343980345,100.0,66.38655462184873,13.725490196078432,19.88795518207283
12401,2002,19116,49.44883120944414,8.843197910222038,11.184348189997907,21.70818505338078,5.759852379069462,71.30618162646633
12402,2002,739,18.240000000000002,10.312307692307693,100.0,29.549549549549546,0.7207207207207207,69.54954954954955
13101,2002,200792,38.39134330415604,11.889250255749182,0.0,1.0954335300520255,10.772595188879903,86.73097470617017
13102,2002,71906,48.79053117305026,9.953255641879393,0.0,1.7271564204430676,18.16039323951249,78.17992054407111
13103,2002,148312,50.67763893122016,8.906031399872479,0.0,1.4879262549681038,17.673090411141914,78.97364817474366
13104,2002,133256,51.30863300366758,9.734546453879826,0.0,1.2972161669585105,15.714898331129614,81.25647714683916
13105,2002,175594,49.504048496819955,9.642911705928196,0.0,1.3350541335054134,17.737147773714778,78.8900838890084
13106,2002,130394,47.17654096639841,10.383419028181176,0.0,1.4866400851570534,13.877713027946669,82.94874339220958
13107,2002,74070,50.484549277747305,9.56477152767305,0.0,1.8747469714428078,14.705241194606208,81.78505807978574
13108,2002,65479,50.974153236033295,10.796170487323517,0.0,1.2245479139968674,14.128577530969672,83.31909440410081
13109,2002,85118,49.88730013383109,10.947975138828275,0.0,1.1130136986301369,14.980022831050228,82.02340182648402
13110,2002,365674,43.25213698651603,10.910099636864558,0.030354906282645196,1.3263197445049784,13.191809130189744,83.78796418059991
13111,2002,132520,50.34147890999024,9.421636786222573,0.0,0.8944313840728768,18.480017631501617,78.69894210990303
13112,2002,190085,49.821870517206044,8.57854337469946,0.0,1.937959033516837,17.587470930614497,78.3079975299234
13113,2002,96762,46.96983504966737,12.549622495531308,0.0,1.7932415752579238,8.134795873215491,88.62106709518154
13114,2002,249893,44.032207864067594,13.271029568757914,0.0,2.079986399761996,7.66458413022228,88.95405669599218
13115,2002,74749,47.48628704471015,11.517907880963064,3.0140871449785283,4.807238858759726,6.12473473237444,88.17495873614713
13116,2002,112800,55.760228669271875,8.951512131083774,0.0,1.2065805044434648,20.06404158062046,76.57145508968142
13117,2002,104316,46.50917824187862,9.75555808339337,0.0,1.0491672924857536,15.571851393735919,81.66939082033838
13118,2002,112535,46.705689106742454,10.995216289613326,0.0,1.2269566623544632,13.298431435963778,83.91009055627426
13119,2002,468390,46.88505465971739,10.97721816176167,0.7489485258011486,1.5394425214064493,15.937430416388331,80.95281472034979
13120,2002,163511,49.0977231072246,12.712308025091932,0.0,1.1450072827318336,9.60511409613206,87.97270324216431
13121,2002,114560,53.46282652377763,9.669085862492606,0.0,0.8855222447455458,17.08097727515203,79.98719726875066
13122,2002,216060,48.86624361809876,9.905996613526725,0.0,1.9194588309903817,12.061092907726456,84.53651833844202
13123,2002,120874,44.21179474330983,13.71057901443943,0.0,1.6433853738701727,7.3650495530997935,89.73554910871498
13124,2002,195653,49.22357642967189,9.65236137285135,1.735214895759329,1.9047504452038313,14.889060018289454,81.5529190932281
13125,2002,126518,51.21974541325525,10.323380735793656,0.41021830885723776,1.651219376288564,20.91049239398949,75.97652259514479
13126,2002,104012,50.40416455787723,10.091279624375922,0.0,0.8865046711976906,18.55977087263883,78.93528515900256
13127,2002,148220,48.776423825105894,9.81977438852966,0.0,1.0777264574702792,16.55794168531657,80.70409345586718
13128,2002,133518,48.279193736465096,9.222120032292018,0.0,1.5005907143235,20.941263599654388,75.64669993475692
13129,2002,97625,49.55039139692703,9.912251264976536,0.0,0.9805378101322241,19.353241222205714,77.54667459020452
13130,2002,78872,48.46494117647059,11.396723081319658,0.0,0.9294246708922477,15.943442223305704,81.25304729400293
13131,2002,94906,50.45577767561312,9.05162850234675,0.0,1.154322900526805,18.368453672141307,78.5094515029439
13132,2002,81499,43.55997886207504,13.352480417754569,0.0,2.4504679093250377,7.894535533059642,88.58148252033557
13201,2002,492915,50.5520685389655,10.22686176335175,0.06329691731840176,1.6345572095023324,16.15406539228873,80.5323186311521
13202,2002,16565,54.452214452214456,9.8987902538763,41.73860549351041,23.275082856282012,11.117806568243447,64.53751129858392
13203,2002,13376,49.385749385749385,9.845424608322523,30.390251196172247,11.26038536326675,7.123917270638147,80.00707088562842
13301,2002,77815,48.92822966507177,8.846784705626765,19.28162950587933,17.458809656392283,12.669920403550721,68.55776474827213
13302,2002,40228,57.886887240472554,8.608577731168408,29.827483344933874,20.206785137318256,17.873990306946688,60.38126009693053
13303,2002,14755,59.30684517382855,8.49028703972166,44.68993561504575,23.06259314456036,18.871087928464977,56.63189269746647
13401,2002,246762,51.45184157710933,9.705022401712839,2.2791191512469506,3.985738450474541,18.001154699322374,76.1848329231112
13402,2002,63419,51.44835820895523,9.0583620276337,15.630962329901132,23.314147934977054,14.945166057400638,60.48067200746675
13403,2002,18235,53.92082383725838,9.708960461670436,45.533315053468606,20.842779037204963,12.815042005600747,64.83531137484998
13404,2002,50028,52.204204569655296,8.732388856288596,36.791396817782044,34.773704689739915,10.403440507884497,53.50706532869138
13501,2002,94540,52.9575459487445,8.806488655028563,35.584937592553416,26.31696553265181,11.465839897212446,60.20334059549746
13502,2002,4435,58.789831722162546,7.5231151101458265,41.53325817361894,56.95812807881774,3.9408866995073892,37.99261083743842
13503,2002,24298,53.21268680244656,8.956060777865972,35.61198452547535,24.50793650793651,9.164021164021165,64.5925925925926
13504,2002,10343,54.8817011081162,7.7434122970455155,84.00850816977666,48.19114470842333,4.832613390928726,45.27537796976242
13505,2002,7549,55.68158383171789,7.109649902256975,100.0,53.08693826123477,6.509869802603947,38.55522889542209
13601,2002,59805,53.27541134860834,9.903072895785675,16.466850597776105,12.18794617747588,16.97313200363432,69.06502833903
13602,2002,26459,55.13015947467167,8.721535699197297,15.779129974677803,28.855056064190926,14.309227445736036,54.984055138360254
13603,2002,25798,53.33135215453194,8.404550795855144,26.874176292735868,29.003646397950135,14.674287966886764,54.84379619591998
13604,2002,38768,50.62553422954387,9.228504206473692,11.635885266198926,7.720468065633784,21.67745309537818,69.23579786886319
13605,2002,66619,51.31052966294176,9.670231988203286,5.118659841786878,6.419753086419753,24.163860830527497,67.86008230452674
