region_id,region,muni_string,cut82,cut92,cut02,cut_2026
1,Tarapacá,Iquique,210,1101,1101,1101.0
1,Tarapacá,Alto Hospicio,210,1101,1101,1107.0
1,Tarapacá,Pozo Almonte,215,1106,1106,1401.0
1,Tarapacá,Camiña,212,1102,1102,1402.0
1,Tarapacá,Colchane,213,1103,1103,1403.0
1,Tarapacá,Huara,211,1104,1104,1404.0
1,Tarapacá,Pica,214,1105,1105,1405.0
2,Antofagasta,Antofagasta,230,2101,2101,2101.0
2,Antofagasta,Mejillones,231,2102,2102,2102.0
2,Antofagasta,Sierra Gorda,232,2103,2103,2103.0
2,Antofagasta,Taltal,233,2104,2104,2104.0
2,Antofagasta,Calama,225,2201,2201,2201.0
2,Antofagasta,Ollagüe,226,2202,2202,2202.0
2,Antofagasta,San Pedro de Atacama,227,2203,2203,2203.0
2,Antofagasta,Tocopilla,220,2301,2301,2301.0
2,Antofagasta,María Elena,221,2302,2302,2302.0
3,Atacama,Copiapó,240,3101,3101,3101.0
3,Atacama,Caldera,241,3102,3102,3102.0
3,Atacama,Tierra Amarilla,242,3103,3103,3103.0
3,Atacama,Chañaral,235,3201,3201,3201.0
3,Atacama,Diego de Almagro,236,3202,3202,3202.0
3,Atacama,Vallenar,245,3301,3301,3301.0
3,Atacama,Alto del Carmen,248,3302,3302,3302.0
3,Atacama,Freirina,246,3303,3303,3303.0
3,Atacama,Huasco,247,3304,3304,3304.0
4,Coquimbo,La Serena,250,4101,4101,4101.0
4,Coquimbo,Coquimbo,252,4102,4102,4102.0
4,Coquimbo,Andacollo,253,4103,4103,4103.0
4,Coquimbo,La Higuera,251,4104,4104,4104.0
4,Coquimbo,Paiguano,255,4105,4105,4105.0
4,Coquimbo,Vicuña,254,4106,4106,4106.0
4,Coquimbo,Illapel,270,4201,4201,4201.0
4,Coquimbo,Canela,273,4202,4202,4202.0
4,Coquimbo,Los Vilos,272,4203,4203,4203.0
4,Coquimbo,Salamanca,271,4204,4204,4204.0
4,Coquimbo,Ovalle,260,4301,4301,4301.0
4,Coquimbo,Combarbalá,263,4302,4302,4302.0
4,Coquimbo,Monte Patria,262,4303,4303,4303.0
4,Coquimbo,Punitaqui,264,4304,4304,4304.0
4,Coquimbo,Río Hurtado,261,4305,4305,4305.0
5,Valparaíso,Valparaíso,310,5101,5101,5101.0
5,Valparaíso,Casablanca,316,5102,5102,5102.0
5,Valparaíso,Concón,311,5109,5103,5103.0
5,Valparaíso,Juan Fernández,317,5104,5104,5104.0
5,Valparaíso,Puchuncaví,313,5105,5105,5105.0
5,Valparaíso,Quintero,312,5107,5107,5107.0
5,Valparaíso,Viña del Mar,311,5109,5109,5109.0
5,Valparaíso,Isla de Pascua,330,5201,5201,5201.0
5,Valparaíso,Los Andes,285,5301,5301,5301.0
5,Valparaíso,Calle Larga,287,5302,5302,5302.0
5,Valparaíso,Rinconada,288,5303,5303,5303.0
5,Valparaíso,San Esteban,286,5304,5304,5304.0
5,Valparaíso,La Ligua,275,5401,5401,5401.0
5,Valparaíso,Cabildo,277,5402,5402,5402.0
5,Valparaíso,Papudo,279,5403,5403,5403.0
5,Valparaíso,Petorca,276,5404,5404,5404.0
5,Valparaíso,Zapallar,278,5405,5405,5405.0
5,Valparaíso,Quillota,300,5501,5501,5501.0
5,Valparaíso,Calera,302,5502,5502,5502.0
5,Valparaíso,Hijuelas,304,5503,5503,5503.0
5,Valparaíso,La Cruz,301,5504,5504,5504.0
5,Valparaíso,Nogales,303,5506,5506,5506.0
5,Valparaíso,San Antonio,320,5601,5601,5601.0
5,Valparaíso,Algarrobo,324,5602,5602,5602.0
5,Valparaíso,Cartagena,321,5603,5603,5603.0
5,Valparaíso,El Quisco,323,5604,5604,5604.0
5,Valparaíso,El Tabo,322,5605,5605,5605.0
5,Valparaíso,Santo Domingo,325,5606,5606,5606.0
5,Valparaíso,San Felipe,290,5701,5701,5701.0
5,Valparaíso,Catemu,295,5702,5702,5702.0
5,Valparaíso,Llaillay,294,5703,5703,5703.0
5,Valparaíso,Panquehue,293,5704,5704,5704.0
5,Valparaíso,Putaendo,291,5705,5705,5705.0
5,Valparaíso,Santa María,292,5706,5706,5706.0
5,Valparaíso,Quilpué,314,5106,5106,5801.0
5,Valparaíso,Limache,305,5505,5505,5802.0
5,Valparaíso,Olmué,306,5507,5507,5803.0
5,Valparaíso,Villa Alemana,315,5108,5108,5804.0
6,Libertador General Bernardo O'Higgins,Rancagua,335,6101,6101,6101.0
6,Libertador General Bernardo O'Higgins,Codegua,338,6102,6102,6102.0
6,Libertador General Bernardo O'Higgins,Coinco,349,6103,6103,6103.0
6,Libertador General Bernardo O'Higgins,Coltauco,348,6104,6104,6104.0
6,Libertador General Bernardo O'Higgins,Doñihue,350,6105,6105,6105.0
6,Libertador General Bernardo O'Higgins,Graneros,336,6106,6106,6106.0
6,Libertador General Bernardo O'Higgins,Las Cabras,351,6107,6107,6107.0
6,Libertador General Bernardo O'Higgins,Machalí,339,6108,6108,6108.0
6,Libertador General Bernardo O'Higgins,Malloa,343,6109,6109,6109.0
6,Libertador General Bernardo O'Higgins,Mostazal,337,6110,6110,6110.0
6,Libertador General Bernardo O'Higgins,Olivar,340,6111,6111,6111.0
6,Libertador General Bernardo O'Higgins,Peumo,347,6112,6112,6112.0
6,Libertador General Bernardo O'Higgins,Pichidegua,346,6113,6113,6113.0
6,Libertador General Bernardo O'Higgins,Quinta de Tilcoco,344,6114,6114,6114.0
6,Libertador General Bernardo O'Higgins,Rengo,342,6115,6115,6115.0
6,Libertador General Bernardo O'Higgins,Requínoa,341,6116,6116,6116.0
6,Libertador General Bernardo O'Higgins,San Vicente,345,6117,6117,6117.0
6,Libertador General Bernardo O'Higgins,Pichilemu,370,6201,6201,6201.0
6,Libertador General Bernardo O'Higgins,La Estrella,373,6202,6202,6202.0
6,Libertador General Bernardo O'Higgins,Litueche,372,6203,6203,6203.0
6,Libertador General Bernardo O'Higgins,Marchihue,374,6204,6204,6204.0
6,Libertador General Bernardo O'Higgins,Navidad,371,6205,6205,6205.0
6,Libertador General Bernardo O'Higgins,Paredones,375,6206,6206,6206.0
6,Libertador General Bernardo O'Higgins,San Fernando,355,6301,6301,6301.0
6,Libertador General Bernardo O'Higgins,Chépica,359,6302,6302,6302.0
6,Libertador General Bernardo O'Higgins,Chimbarongo,356,6303,6303,6303.0
6,Libertador General Bernardo O'Higgins,Lolol,361,6304,6304,6304.0
6,Libertador General Bernardo O'Higgins,Nancagua,358,6305,6305,6305.0
6,Libertador General Bernardo O'Higgins,Palmilla,363,6306,6306,6306.0
6,Libertador General Bernardo O'Higgins,Peralillo,364,6307,6307,6307.0
6,Libertador General Bernardo O'Higgins,Placilla,357,6308,6308,6308.0
6,Libertador General Bernardo O'Higgins,Pumanque,362,6309,6309,6309.0
6,Libertador General Bernardo O'Higgins,Santa Cruz,360,6310,6310,6310.0
7,Maule,Talca,390,7101,7101,7101.0
7,Maule,Constitución,397,7102,7102,7102.0
7,Maule,Curepto,398,7103,7103,7103.0
7,Maule,Empedrado,395,7104,7104,7104.0
7,Maule,Maule,394,7105,7105,7105.0
7,Maule,Pelarco,399,7106,7106,7106.0
7,Maule,Pencahue,396,7107,7107,7107.0
7,Maule,Río Claro,392,7108,7108,7108.0
7,Maule,San Clemente,393,7109,7109,7109.0
7,Maule,San Rafael,399,7106,7110,7110.0
7,Maule,Cauquenes,410,7201,7201,7201.0
7,Maule,Chanco,412,7202,7202,7202.0
7,Maule,Pelluhue,411,7203,7203,7203.0
7,Maule,Curicó,380,7301,7301,7301.0
7,Maule,Hualañé,385,7302,7302,7302.0
7,Maule,Licantén,386,7303,7303,7303.0
7,Maule,Molina,383,7304,7304,7304.0
7,Maule,Rauco,388,7305,7305,7305.0
7,Maule,Romeral,382,7306,7306,7306.0
7,Maule,Sagrada Familia,384,7307,7307,7307.0
7,Maule,Teno,381,7308,7308,7308.0
7,Maule,Vichuquén,387,7309,7309,7309.0
7,Maule,Linares,400,7401,7401,7401.0
7,Maule,Colbún,402,7402,7402,7402.0
7,Maule,Longaví,403,7403,7403,7403.0
7,Maule,Parral,404,7404,7404,7404.0
7,Maule,Retiro,405,7405,7405,7405.0
7,Maule,San Javier,407,7406,7406,7406.0
7,Maule,Villa Alegre,406,7407,7407,7407.0
7,Maule,Yerbas Buenas,401,7408,7408,7408.0
8,Biobío,Concepción,455,8101,8101,8101.0
8,Biobío,Coronel,463,8102,8102,8102.0
8,Biobío,Chiguayante,455,8101,8103,8103.0
8,Biobío,Florida,459,8104,8104,8104.0
8,Biobío,Hualqui,460,8105,8105,8105.0
8,Biobío,Lota,462,8106,8106,8106.0
8,Biobío,Penco,457,8107,8107,8107.0
8,Biobío,San Pedro de la Paz,455,8101,8108,8108.0
8,Biobío,Santa Juana,461,8109,8109,8109.0
8,Biobío,Talcahuano,456,8110,8110,8110.0
8,Biobío,Tomé,458,8111,8111,8111.0
8,Biobío,Hualpén,456,8110,8110,8112.0
8,Biobío,Lebu,465,8201,8201,8201.0
8,Biobío,Arauco,466,8202,8202,8202.0
8,Biobío,Cañete,469,8203,8203,8203.0
8,Biobío,Contulmo,470,8204,8204,8204.0
8,Biobío,Curanilahue,467,8205,8205,8205.0
8,Biobío,Los Álamos,468,8206,8206,8206.0
8,Biobío,Tirúa,471,8207,8207,8207.0
8,Biobío,Los Ángeles,440,8301,8301,8301.0
8,Biobío,Antuco,443,8302,8302,8302.0
8,Biobío,Cabrero,441,8303,8303,8303.0
8,Biobío,Laja,450,8304,8304,8304.0
8,Biobío,Mulchén,447,8305,8305,8305.0
8,Biobío,Nacimiento,449,8306,8306,8306.0
8,Biobío,Negrete,448,8307,8307,8307.0
8,Biobío,Quilaco,446,8308,8308,8308.0
8,Biobío,Quilleco,444,8309,8309,8309.0
8,Biobío,San Rosendo,451,8310,8310,8310.0
8,Biobío,Santa Bárbara,445,8311,8311,8311.0
8,Biobío,Tucapel,442,8312,8312,8312.0
8,Biobío,Yumbel,452,8313,8313,8313.0
8,Biobío,Alto Biobío,445,8311,8311,8314.0
9,La Araucanía,Temuco,490,9101,9101,9101.0
9,La Araucanía,Carahue,506,9102,9102,9102.0
9,La Araucanía,Cunco,494,9103,9103,9103.0
9,La Araucanía,Curarrehue,496,9104,9104,9104.0
9,La Araucanía,Freire,499,9105,9105,9105.0
9,La Araucanía,Galvarino,508,9106,9106,9106.0
9,La Araucanía,Gorbea,501,9107,9107,9107.0
9,La Araucanía,Lautaro,491,9108,9108,9108.0
9,La Araucanía,Loncoche,502,9109,9109,9109.0
9,La Araucanía,Melipeuco,495,9110,9110,9110.0
9,La Araucanía,Nueva Imperial,507,9111,9111,9111.0
9,La Araucanía,Padre Las Casas,490,9101,9112,9112.0
9,La Araucanía,Perquenco,492,9113,9113,9113.0
9,La Araucanía,Pitrufquén,500,9114,9114,9114.0
9,La Araucanía,Pucón,497,9115,9115,9115.0
9,La Araucanía,Saavedra,505,9116,9116,9116.0
9,La Araucanía,Teodoro Schmidt,504,9117,9117,9117.0
9,La Araucanía,Toltén,503,9118,9118,9118.0
9,La Araucanía,Vilcún,493,9119,9119,9119.0
9,La Araucanía,Villarrica,498,9120,9120,9120.0
9,La Araucanía,Cholchol,507,9111,9111,9121.0
9,La Araucanía,Angol,475,9201,9201,9201.0
9,La Araucanía,Collipulli,477,9202,9202,9202.0
9,La Araucanía,Curacautín,479,9203,9203,9203.0
9,La Araucanía,Ercilla,480,9204,9204,9204.0
9,La Araucanía,Lonquimay,478,9205,9205,9205.0
9,La Araucanía,Los Sauces,485,9206,9206,9206.0
9,La Araucanía,Lumaco,483,9207,9207,9207.0
9,La Araucanía,Purén,484,9208,9208,9208.0
9,La Araucanía,Renaico,476,9209,9209,9209.0
9,La Araucanía,Traiguén,482,9210,9210,9210.0
9,La Araucanía,Victoria,481,9211,9211,9211.0
10,Los Lagos,Puerto Montt,535,10101,10101,10101.0
10,Los Lagos,Calbuco,538,10102,10102,10102.0
10,Los Lagos,Cochamó,537,10103,10103,10103.0
10,Los Lagos,Fresia,541,10104,10104,10104.0
10,Los Lagos,Frutillar,543,10105,10105,10105.0
10,Los Lagos,Los Muermos,540,10106,10106,10106.0
10,Los Lagos,Llanquihue,542,10107,10107,10107.0
10,Los Lagos,Maullín,539,10108,10108,10108.0
10,Los Lagos,Puerto Varas,536,10109,10109,10109.0
10,Los Lagos,Castro,545,10201,10201,10201.0
10,Los Lagos,Ancud,546,10202,10202,10202.0
10,Los Lagos,Chonchi,552,10203,10203,10203.0
10,Los Lagos,Curaco de Vélez,549,10204,10204,10204.0
10,Los Lagos,Dalcahue,548,10205,10205,10205.0
10,Los Lagos,Puqueldón,551,10206,10206,10206.0
10,Los Lagos,Queilén,553,10207,10207,10207.0
10,Los Lagos,Quellón,554,10208,10208,10208.0
10,Los Lagos,Quemchi,547,10209,10209,10209.0
10,Los Lagos,Quinchao,550,10210,10210,10210.0
10,Los Lagos,Osorno,525,10301,10301,10301.0
10,Los Lagos,Puerto Octay,528,10302,10302,10302.0
10,Los Lagos,Purranque,529,10303,10303,10303.0
10,Los Lagos,Puyehue,527,10304,10304,10304.0
10,Los Lagos,Río Negro,530,10305,10305,10305.0
10,Los Lagos,San Juan de la Costa,531,10306,10306,10306.0
10,Los Lagos,San Pablo,526,10307,10307,10307.0
10,Los Lagos,Chaitén,560,10401,10401,10401.0
10,Los Lagos,Futaleufú,562,10402,10402,10402.0
10,Los Lagos,Hualaihué,561,10403,10403,10403.0
10,Los Lagos,Palena,563,10404,10404,10404.0
11,Aysén del General Carlos Ibáñez del Campo,Coyhaique,565,11101,11101,11101.0
11,Aysén del General Carlos Ibáñez del Campo,Lago Verde,566,11102,11102,11102.0
11,Aysén del General Carlos Ibáñez del Campo,Aysén,570,11201,11201,11201.0
11,Aysén del General Carlos Ibáñez del Campo,Cisnes,571,11202,11202,11202.0
11,Aysén del General Carlos Ibáñez del Campo,Guaitecas,572,11203,11203,11203.0
11,Aysén del General Carlos Ibáñez del Campo,Cochrane,580,11301,11301,11301.0
11,Aysén del General Carlos Ibáñez del Campo,O'Higgins,581,11302,11302,11302.0
11,Aysén del General Carlos Ibáñez del Campo,Tortel,582,11303,11303,11303.0
11,Aysén del General Carlos Ibáñez del Campo,Chile Chico,575,11401,11401,11401.0
11,Aysén del General Carlos Ibáñez del Campo,Río Ibáñez,576,11402,11402,11402.0
12,Magallanes y de la Antártica Chilena,Punta Arenas,590,12101,12101,12101.0
12,Magallanes y de la Antártica Chilena,Laguna Blanca,592,12102,12102,12102.0
12,Magallanes y de la Antártica Chilena,Río Verde,591,12103,12103,12103.0
12,Magallanes y de la Antártica Chilena,San Gregorio,593,12104,12104,12104.0
12,Magallanes y de la Antártica Chilena,Cabo de Hornos,600,12201,12201,12201.0
12,Magallanes y de la Antártica Chilena,Antártica,601,12202,12202,12202.0
12,Magallanes y de la Antártica Chilena,Porvenir,595,12301,12301,12301.0
12,Magallanes y de la Antártica Chilena,Primavera,596,12302,12302,12302.0
12,Magallanes y de la Antártica Chilena,Timaukel,597,12303,12303,12303.0
12,Magallanes y de la Antártica Chilena,Natales,585,12401,12401,12401.0
12,Magallanes y de la Antártica Chilena,Torres del Paine,586,12402,12402,12402.0
13,Metropolitana de Santiago,Santiago,605,13101,13101,13101.0
13,Metropolitana de Santiago,Cerrillos,629,13102,13102,13102.0
13,Metropolitana de Santiago,Cerro Navia,634,13103,13103,13103.0
13,Metropolitana de Santiago,Conchalí,607,13104,13104,13104.0
13,Metropolitana de Santiago,El Bosque,625,13105,13105,13105.0
13,Metropolitana de Santiago,Estación Central,628,13106,13106,13106.0
13,Metropolitana de Santiago,Huechuraba,608,13107,13107,13107.0
13,Metropolitana de Santiago,Independencia,606,13108,13108,13108.0
13,Metropolitana de Santiago,La Cisterna,624,13109,13109,13109.0
13,Metropolitana de Santiago,La Florida,618,13110,13110,13110.0
13,Metropolitana de Santiago,La Granja,620,13111,13111,13111.0
13,Metropolitana de Santiago,La Pintana,621,13112,13112,13112.0
13,Metropolitana de Santiago,La Reina,615,13113,13113,13113.0
13,Metropolitana de Santiago,Las Condes,613,13114,13114,13114.0
13,Metropolitana de Santiago,Lo Barnechea,612,13115,13115,13115.0
13,Metropolitana de Santiago,Lo Espejo,627,13116,13116,13116.0
13,Metropolitana de Santiago,Lo Prado,632,13117,13117,13117.0
13,Metropolitana de Santiago,Macul,616,13118,13118,13118.0
13,Metropolitana de Santiago,Maipú,630,13119,13119,13119.0
13,Metropolitana de Santiago,Ñuñoa,614,13120,13120,13120.0
13,Metropolitana de Santiago,Pedro Aguirre Cerda,626,13121,13121,13121.0
13,Metropolitana de Santiago,Peñalolén,617,13122,13122,13122.0
13,Metropolitana de Santiago,Providencia,610,13123,13123,13123.0
13,Metropolitana de Santiago,Pudahuel,633,13124,13124,13124.0
13,Metropolitana de Santiago,Quilicura,636,13125,13125,13125.0
13,Metropolitana de Santiago,Quinta Normal,631,13126,13126,13126.0
13,Metropolitana de Santiago,Recoleta,609,13127,13127,13127.0
13,Metropolitana de Santiago,Renca,635,13128,13128,13128.0
13,Metropolitana de Santiago,San Joaquín,619,13129,13129,13129.0
13,Metropolitana de Santiago,San Miguel,623,13130,13130,13130.0
13,Metropolitana de Santiago,San Ramón,622,13131,13131,13131.0
13,Metropolitana de Santiago,Vitacura,611,13132,13132,13132.0
13,Metropolitana de Santiago,Puente Alto,645,13201,13201,13201.0
13,Metropolitana de Santiago,Pirque,647,13202,13202,13202.0
13,Metropolitana de Santiago,San José de Maipo,646,13203,13203,13203.0
13,Metropolitana de Santiago,Colina,640,13301,13301,13301.0
13,Metropolitana de Santiago,Lampa,641,13302,13302,13302.0
13,Metropolitana de Santiago,Tiltil,642,13303,13303,13303.0
13,Metropolitana de Santiago,San Bernardo,650,13401,13401,13401.0
13,Metropolitana de Santiago,Buin,651,13402,13402,13402.0
13,Metropolitana de Santiago,Calera de Tango,653,13403,13403,13403.0
13,Metropolitana de Santiago,Paine,652,13404,13404,13404.0
13,Metropolitana de Santiago,Melipilla,660,13501,13501,13501.0
13,Metropolitana de Santiago,Alhué,663,13502,13502,13502.0
13,Metropolitana de Santiago,Curacaví,662,13503,13503,13503.0
13,Metropolitana de Santiago,María Pinto,661,13504,13504,13504.0
13,Metropolitana de Santiago,San Pedro,664,13505,13505,13505.0
13,Metropolitana de Santiago,Talagante,670,13601,13601,13601.0
13,Metropolitana de Santiago,El Monte,673,13602,13602,13602.0
13,Metropolitana de Santiago,Isla de Maipo,672,13603,13603,13603.0
13,Metropolitana de Santiago,Padre Hurtado,671,13605,13604,13604.0
13,Metropolitana de Santiago,Peñaflor,671,13605,13605,13605.0
14,Los Ríos,Valdivia,510,10501,10501,14101.0
14,Los Ríos,Corral,515,10502,10502,14102.0
14,Los Ríos,Lanco,512,10506,10506,14103.0
14,Los Ríos,Los Lagos,513,10507,10507,14104.0
14,Los Ríos,Máfil,516,10508,10508,14105.0
14,Los Ríos,Mariquina,511,10509,10509,14106.0
14,Los Ríos,Paillaco,519,10510,10510,14107.0
14,Los Ríos,Panguipulli,517,10511,10511,14108.0
14,Los Ríos,La Unión,518,10504,10504,14201.0
14,Los Ríos,Futrono,514,10503,10503,14202.0
14,Los Ríos,Lago Ranco,521,10505,10505,14203.0
14,Los Ríos,Río Bueno,520,10512,10512,14204.0
15,Arica y Parinacota,Arica,201,1201,1201,15101.0
15,Arica y Parinacota,Camarones,202,1202,1202,15102.0
15,Arica y Parinacota,Putre,205,1301,1301,15201.0
15,Arica y Parinacota,General Lagos,206,1302,1302,15202.0
16,Ñuble,Chillán,415,8401,8401,16101.0
16,Ñuble,Bulnes,425,8402,8402,16102.0
16,Ñuble,Chillán Viejo,415,8401,8406,16103.0
16,Ñuble,El Carmen,422,8407,8407,16104.0
16,Ñuble,Pemuco,424,8410,8410,16105.0
16,Ñuble,Pinto,420,8411,8411,16106.0
16,Ñuble,Quillón,426,8413,8413,16107.0
16,Ñuble,San Ignacio,421,8418,8418,16108.0
16,Ñuble,Yungay,423,8421,8421,16109.0
16,Ñuble,Quirihue,432,8414,8414,16201.0
16,Ñuble,Cobquecura,431,8403,8403,16202.0
16,Ñuble,Coelemu,429,8404,8404,16203.0
16,Ñuble,Ninhue,433,8408,8408,16204.0
16,Ñuble,Portezuelo,428,8412,8412,16205.0
16,Ñuble,Ránquil,427,8415,8415,16206.0
16,Ñuble,Treguaco,430,8420,8420,16207.0
16,Ñuble,San Carlos,416,8416,8416,16301.0
16,Ñuble,Coihueco,419,8405,8405,16302.0
16,Ñuble,Ñiquén,417,8409,8409,16303.0
16,Ñuble,San Fabián,418,8417,8417,16304.0
16,Ñuble,San Nicolás,434,8419,8419,16305.0
