cut2026,year,muni_string,cut82,cut92,cut02,gini,fgt0
1101,1982,Iquique,210,1101,1101,0.5951104,0.9779977
1101,1992,Iquique,210,1101,1101,0.63907173,0.27124596
1101,2002,Iquique,210,1101,1101,0.62423262,0.10737478
1101,2017,Iquique,210,1101,1101,0.392029248943583,0.04383602
1107,1982,Alto Hospicio,210,1107,1107,0.5951104,0.9779977
1107,1992,Alto Hospicio,210,1107,1107,0.6549679,0.53981983
1107,2002,Alto Hospicio,210,1107,1107,0.59849328,0.21257501
1107,2017,Alto Hospicio,210,1107,1107,0.3800191976252317,0.07755472
1401,1982,Pozo Almonte,215,1106,1106,0.4409666,0.8851402
1401,1992,Pozo Almonte,215,1106,1106,0.65482559,0.29522545
1401,2002,Pozo Almonte,215,1106,1106,0.61203562,0.18593219
1401,2017,Pozo Almonte,215,1106,1106,0.4186887847667804,0.10880112
1402,1982,Camiña,212,1102,1102,0.5092705,0.9334719
1402,1992,Camiña,212,1102,1102,0.65508743,0.38400018
1402,2002,Camiña,212,1102,1102,0.61692912,0.27278635
1402,2017,Camiña,212,1102,1102,0.4743590054421904,0.2644559
1403,1982,Colchane,213,1103,1103,0.6064115,1.0
1403,1992,Colchane,213,1103,1103,0.6219617,0.39247984
1403,2002,Colchane,213,1103,1103,0.67329102,0.42253702
1403,2017,Colchane,213,1103,1103,0.4907242280011183,0.13947724
1404,1982,Huara,211,1104,1104,0.5060307,0.9200596
1404,1992,Huara,211,1104,1104,0.6806047,0.37761282
1404,2002,Huara,211,1104,1104,0.62358623,0.19448449
1404,2017,Huara,211,1104,1104,0.4438415638553226,0.18823709
1405,1982,Pica,214,1105,1105,0.6276087,0.9862769
1405,1992,Pica,214,1105,1105,0.68511533,0.30010766
1405,2002,Pica,214,1105,1105,0.62532479,0.17454979
1405,2017,Pica,214,1105,1105,0.4152092210169741,0.08634709
2101,1982,Antofagasta,230,2101,2101,0.5932091,0.5301153
2101,1992,Antofagasta,230,2101,2101,0.6436671,0.32108653
2101,2002,Antofagasta,230,2101,2101,0.62761593,0.13415736
2101,2017,Antofagasta,230,2101,2101,0.4222350029231416,0.05064389
2102,1982,Mejillones,231,2102,2102,0.5566318,0.5113039
2102,1992,Mejillones,231,2102,2102,0.62943779,0.31572736
2102,2002,Mejillones,231,2102,2102,0.60842286,0.16948134
2102,2017,Mejillones,231,2102,2102,0.4324469303854977,0.07660999
2103,1982,Sierra Gorda,232,2103,2103,0.5771291,0.3658804
2103,1992,Sierra Gorda,232,2103,2103,0.65247644,0.27328838
2103,2002,Sierra Gorda,232,2103,2103,0.62171066,0.08724893
2103,2017,Sierra Gorda,232,2103,2103,0.4527846778797015,0.01411298
2104,1982,Taltal,233,2104,2104,0.6233085,0.6142788
2104,1992,Taltal,233,2104,2104,0.64940414,0.44273988
2104,2002,Taltal,233,2104,2104,0.6197998,0.1829054
2104,2017,Taltal,233,2104,2104,0.4298774758106906,0.03510796
2201,1982,Calama,225,2201,2201,0.6147605,0.4409999
2201,1992,Calama,225,2201,2201,0.63537263,0.28386976
2201,2002,Calama,225,2201,2201,0.61774289,0.13376004
2201,2017,Calama,225,2201,2201,0.4296169045176071,0.04585084
2202,1982,Ollagüe,226,2202,2202,0.4576854,0.3404351
2202,1992,Ollagüe,226,2202,2202,0.69870275,0.35655138
2202,2002,Ollagüe,226,2202,2202,0.64110566,0.0899622
2202,2017,Ollagüe,226,2202,2202,0.4505407592073285,0.20190913
2203,1982,San Pedro de Atacama,227,2203,2203,0.6041978,0.5417637
2203,1992,San Pedro de Atacama,227,2203,2203,0.66942532,0.3448738
2203,2002,San Pedro de Atacama,227,2203,2203,0.63215072,0.06428744
2203,2017,San Pedro de Atacama,227,2203,2203,0.5150547967570588,0.04036739
2301,1982,Tocopilla,220,2301,2301,0.614983,0.5335289
2301,1992,Tocopilla,220,2301,2301,0.64032773,0.38697861
2301,2002,Tocopilla,220,2301,2301,0.62456907,0.1782012
2301,2017,Tocopilla,220,2301,2301,0.4080836398862771,0.10404051
2302,1982,María Elena,221,2302,2302,0.5966397,0.5180109
2302,1992,María Elena,221,2302,2302,0.64348306,0.43268715
2302,2002,María Elena,221,2302,2302,0.61283636,0.10678954
2302,2017,María Elena,221,2302,2302,0.428231635489799,0.0499388
3101,1982,Copiapó,240,3101,3101,0.6043139,0.5178613
3101,1992,Copiapó,240,3101,3101,0.64602522,0.35625988
3101,2002,Copiapó,240,3101,3101,0.63085648,0.18999944
3101,2017,Copiapó,240,3101,3101,0.3959902549283846,0.06261117
3102,1982,Caldera,241,3102,3102,0.5404122,0.4771435
3102,1992,Caldera,241,3102,3102,0.65113113,0.32041944
3102,2002,Caldera,241,3102,3102,0.61800139,0.17947329
3102,2017,Caldera,241,3102,3102,0.3933554315662625,0.10440639
3103,1982,Tierra Amarilla,242,3103,3103,0.4720298,0.4711401
3103,1992,Tierra Amarilla,242,3103,3103,0.62978998,0.41317562
3103,2002,Tierra Amarilla,242,3103,3103,0.60600423,0.21536545
3103,2017,Tierra Amarilla,242,3103,3103,0.3834842173648652,0.14250434
3201,1982,Chañaral,235,3201,3201,0.5545952,0.4915572
3201,1992,Chañaral,235,3201,3201,0.64107639,0.46461906
3201,2002,Chañaral,235,3201,3201,0.62423146,0.23248991
3201,2017,Chañaral,235,3201,3201,0.3935602129434942,0.12068847
3202,1982,Diego de Almagro,236,3202,3202,0.5584739,0.3395427
3202,1992,Diego de Almagro,236,3202,3202,0.63438547,0.2504758
3202,2002,Diego de Almagro,236,3202,3202,0.62550542,0.13393649
3202,2017,Diego de Almagro,236,3202,3202,0.4003408936075731,0.07561532
3301,1982,Vallenar,245,3301,3301,0.5845453,0.6462576
3301,1992,Vallenar,245,3301,3301,0.65325518,0.40998124
3301,2002,Vallenar,245,3301,3301,0.63782825,0.20581363
3301,2017,Vallenar,245,3301,3301,0.3953490857428621,0.08833259
3302,1982,Alto del Carmen,248,3302,3302,0.6242168,0.588623
3302,1992,Alto del Carmen,248,3302,3302,0.65385517,0.35987836
3302,2002,Alto del Carmen,248,3302,3302,0.6274511,0.17742976
3302,2017,Alto del Carmen,248,3302,3302,0.4288251860773205,0.15272638
3303,1982,Freirina,246,3303,3303,0.5947203,0.7016857
3303,1992,Freirina,246,3303,3303,0.65289791,0.45348975
3303,2002,Freirina,246,3303,3303,0.61758722,0.22962397
3303,2017,Freirina,246,3303,3303,0.3959515657999765,0.15726887
3304,1982,Huasco,247,3304,3304,0.5714214,0.6173389
3304,1992,Huasco,247,3304,3304,0.63394345,0.4129115
3304,2002,Huasco,247,3304,3304,0.61763725,0.16393146
3304,2017,Huasco,247,3304,3304,0.3929597990070631,0.0972109
4101,1982,La Serena,250,4101,4101,0.6072685,0.556704
4101,1992,La Serena,250,4101,4101,0.64674666,0.36389941
4101,2002,La Serena,250,4101,4101,0.63580288,0.15943624
4101,2017,La Serena,250,4101,4101,0.3613878976553149,0.10244341
4102,1982,Coquimbo,252,4102,4102,0.588232,0.6372482
4102,1992,Coquimbo,252,4102,4102,0.63776967,0.38506998
4102,2002,Coquimbo,252,4102,4102,0.62176768,0.2105919
4102,2017,Coquimbo,252,4102,4102,0.3483390922200157,0.134088
4103,1982,Andacollo,253,4103,4103,0.4911708,0.6299369
4103,1992,Andacollo,253,4103,4103,0.63336212,0.48092421
4103,2002,Andacollo,253,4103,4103,0.60106938,0.26568342
4103,2017,Andacollo,253,4103,4103,0.3442743779485349,0.14848801
4104,1982,La Higuera,251,4104,4104,0.5942887,0.5541804
4104,1992,La Higuera,251,4104,4104,0.65159998,0.4072678
4104,2002,La Higuera,251,4104,4104,0.60368172,0.24147977
4104,2017,La Higuera,251,4104,4104,0.3997279421211517,0.20537325
4105,1982,Paiguano,255,4105,4105,0.6329223,0.5071581
4105,1992,Paiguano,255,4105,4105,0.67123395,0.37765694
4105,2002,Paiguano,255,4105,4105,0.62346152,0.16130827
4105,2017,Paiguano,255,4105,4105,0.4293100027155815,0.10481378
4106,1982,Vicuña,254,4106,4106,0.6162324,0.575317
4106,1992,Vicuña,254,4106,4106,0.64617511,0.38894076
4106,2002,Vicuña,254,4106,4106,0.61795505,0.18717493
4106,2017,Vicuña,254,4106,4106,0.3683567501948162,0.12251948
4201,1982,Illapel,270,4201,4201,0.6026989,0.5548974
4201,1992,Illapel,270,4201,4201,0.63924277,0.47291913
4201,2002,Illapel,270,4201,4201,0.62625335,0.2171345
4201,2017,Illapel,270,4201,4201,0.3712676817754798,0.12024203
4202,1982,Canela,273,4202,4202,0.5983931,0.5063493
4202,1992,Canela,273,4202,4202,0.61807059,0.40434018
4202,2002,Canela,273,4202,4202,0.61947102,0.2798043
4202,2017,Canela,273,4202,4202,0.39425549104817,0.25102221
4203,1982,Los Vilos,272,4203,4203,0.6052909,0.5453624
4203,1992,Los Vilos,272,4203,4203,0.64978093,0.43095886
4203,2002,Los Vilos,272,4203,4203,0.62655566,0.23546546
4203,2017,Los Vilos,272,4203,4203,0.3596817769034804,0.13812151
4204,1982,Salamanca,271,4204,4204,0.5777147,0.5141709
4204,1992,Salamanca,271,4204,4204,0.6405252,0.40489023
4204,2002,Salamanca,271,4204,4204,0.63079465,0.24649434
4204,2017,Salamanca,271,4204,4204,0.3640085785416216,0.12528704
4301,1982,Ovalle,260,4301,4301,0.6172467,0.6648121
4301,1992,Ovalle,260,4301,4301,0.64261072,0.41114248
4301,2002,Ovalle,260,4301,4301,0.62668023,0.20943899
4301,2017,Ovalle,260,4301,4301,0.3557812285475624,0.05741716
4302,1982,Combarbalá,263,4302,4302,0.615535,0.692203
4302,1992,Combarbalá,263,4302,4302,0.6406384,0.44859837
4302,2002,Combarbalá,263,4302,4302,0.61529808,0.27723139
4302,2017,Combarbalá,263,4302,4302,0.3660012133827414,0.16209725
4303,1982,Monte Patria,262,4303,4303,0.5971538,0.671336
4303,1992,Monte Patria,262,4303,4303,0.63750324,0.44432057
4303,2002,Monte Patria,262,4303,4303,0.60759279,0.25246344
4303,2017,Monte Patria,262,4303,4303,0.3695595610425766,0.21362812
4304,1982,Punitaqui,264,4304,4304,0.6055399,0.6516892
4304,1992,Punitaqui,264,4304,4304,0.62491097,0.40413526
4304,2002,Punitaqui,264,4304,4304,0.60635578,0.25173659
4304,2017,Punitaqui,264,4304,4304,0.3614391391080359,0.25163395
4305,1982,Río Hurtado,261,4305,4305,0.6045888,0.6303875
4305,1992,Río Hurtado,261,4305,4305,0.6344966,0.36601052
4305,2002,Río Hurtado,261,4305,4305,0.61938147,0.23634437
4305,2017,Río Hurtado,261,4305,4305,0.4149922792666792,0.17193623
5101,1982,Valparaíso,310,5101,5101,0.5875538,0.6027056
5101,1992,Valparaíso,310,5101,5101,0.64094509,0.35704951
5101,2002,Valparaíso,310,5101,5101,0.61595386,0.18756196
5101,2017,Valparaíso,310,5101,5101,0.3743092672556426,0.07078369
5102,1982,Casablanca,316,5102,5102,0.6155906,0.5943348
5102,1992,Casablanca,316,5102,5102,0.64768143,0.34408403
5102,2002,Casablanca,316,5102,5102,0.61643147,0.16528568
5102,2017,Casablanca,316,5102,5102,0.3692738201741294,0.08921629
5103,1982,Concón,318,5103,5103,0.6343938,0.5143515
5103,1992,Concón,318,5103,5103,0.66392418,0.39509669
5103,2002,Concón,318,5103,5103,0.63610636,0.14397281
5103,2017,Concón,318,5103,5103,0.3898815956337021,0.0241616
5104,1982,Juan Fernández,317,5104,5104,0.6046523,0.4765531
5104,1992,Juan Fernández,317,5104,5104,0.62417333,0.16774994
5104,2002,Juan Fernández,317,5104,5104,0.58956213,0.14307521
5104,2017,Juan Fernández,317,5104,5104,0.3849702625333195,0.05117331
5105,1982,Puchuncaví,313,5105,5105,0.6143552,0.646118
5105,1992,Puchuncaví,313,5105,5105,0.64764115,0.5227469
5105,2002,Puchuncaví,313,5105,5105,0.61433714,0.19224609
5105,2017,Puchuncaví,313,5105,5105,0.3749129183637799,0.08445788
5107,1982,Quintero,312,5107,5107,0.6027125,0.6023523
5107,1992,Quintero,312,5107,5107,0.64227636,0.42463115
5107,2002,Quintero,312,5107,5107,0.62100644,0.17528682
5107,2017,Quintero,312,5107,5107,0.4006453607862665,0.0528949
5109,1982,Viña del Mar,311,5109,5109,0.6343938,0.5143515
5109,1992,Viña del Mar,311,5109,5109,0.66784881,0.28561505
5109,2002,Viña del Mar,311,5109,5109,0.63770667,0.13364549
5109,2017,Viña del Mar,311,5109,5109,0.3921133639915882,0.05178662
5201,1982,Isla de Pascua,330,5201,5201,0.5795196,0.4185671
5201,1992,Isla de Pascua,330,5201,5201,0.63413065,0.36104285
5201,2002,Isla de Pascua,330,5201,5201,0.61895494,0.10249711
5201,2017,Isla de Pascua,330,5201,5201,0.3796425864049845,0.08118237
5301,1982,Los Andes,285,5301,5301,0.6179503,0.471982
5301,1992,Los Andes,285,5301,5301,0.63727758,0.31430628
5301,2002,Los Andes,285,5301,5301,0.62205254,0.17476283
5301,2017,Los Andes,285,5301,5301,0.3728767511191285,0.07006698
5302,1982,Calle Larga,287,5302,5302,0.535855,0.5189937
5302,1992,Calle Larga,287,5302,5302,0.64184315,0.36651863
5302,2002,Calle Larga,287,5302,5302,0.62108986,0.23063201
5302,2017,Calle Larga,287,5302,5302,0.3655285640445437,0.17179798
5303,1982,Rinconada,288,5303,5303,0.5275557,0.5654323
5303,1992,Rinconada,288,5303,5303,0.63985545,0.41676796
5303,2002,Rinconada,288,5303,5303,0.61897684,0.24187173
5303,2017,Rinconada,288,5303,5303,0.3791383395131597,0.10531131
5304,1982,San Esteban,286,5304,5304,0.5757833,0.4909386
5304,1992,San Esteban,286,5304,5304,0.63344767,0.3838461
5304,2002,San Esteban,286,5304,5304,0.61165772,0.17423368
5304,2017,San Esteban,286,5304,5304,0.3689217268722668,0.1069641
5401,1982,La Ligua,275,5401,5401,0.6088405,0.5629342
5401,1992,La Ligua,275,5401,5401,0.65472684,0.34538935
5401,2002,La Ligua,275,5401,5401,0.62331404,0.19746465
5401,2017,La Ligua,275,5401,5401,0.3632824920500964,0.1666296
5402,1982,Cabildo,277,5402,5402,0.5877355,0.6208534
5402,1992,Cabildo,277,5402,5402,0.6243493,0.37681288
5402,2002,Cabildo,277,5402,5402,0.61843307,0.20464617
5402,2017,Cabildo,277,5402,5402,0.3622964983091537,0.16371276
5403,1982,Papudo,279,5403,5403,0.5845025,0.6264468
5403,1992,Papudo,279,5403,5403,0.6542841,0.42389264
5403,2002,Papudo,279,5403,5403,0.6175723,0.2157915
5403,2017,Papudo,279,5403,5403,0.3669808771898131,0.07631796
5404,1982,Petorca,276,5404,5404,0.5894695,0.5984652
5404,1992,Petorca,276,5404,5404,0.62453819,0.36785198
5404,2002,Petorca,276,5404,5404,0.61605987,0.21300451
5404,2017,Petorca,276,5404,5404,0.3604726840077666,0.10160992
5405,1982,Zapallar,278,5405,5405,0.6191851,0.5426725
5405,1992,Zapallar,278,5405,5405,0.6474918,0.34786366
5405,2002,Zapallar,278,5405,5405,0.61653615,0.20360947
5405,2017,Zapallar,278,5405,5405,0.3774349382064692,0.04502509
5501,1982,Quillota,300,5501,5501,0.6208457,0.536872
5501,1992,Quillota,300,5501,5501,0.64319682,0.31397726
5501,2002,Quillota,300,5501,5501,0.62182221,0.17715039
5501,2017,Quillota,300,5501,5501,0.3632400261352917,0.09929992
5502,1982,Calera,302,5502,5502,0.6118689,0.6081254
5502,1992,Calera,302,5502,5502,0.64052218,0.44358543
5502,2002,Calera,302,5502,5502,0.61342463,0.22129919
5502,2017,Calera,302,5502,5502,0.3576540446182676,0.15768471
5503,1982,Hijuelas,304,5503,5503,0.5972061,0.5380018
5503,1992,Hijuelas,304,5503,5503,0.64164777,0.38657708
5503,2002,Hijuelas,304,5503,5503,0.60763428,0.19307374
5503,2017,Hijuelas,304,5503,5503,0.3500220859658484,0.08977012
5504,1982,La Cruz,301,5504,5504,0.620163,0.5582931
5504,1992,La Cruz,301,5504,5504,0.654378,0.38934363
5504,2002,La Cruz,301,5504,5504,0.6242261,0.16357732
5504,2017,La Cruz,301,5504,5504,0.3620931645748725,0.06928084
5506,1982,Nogales,303,5506,5506,0.6041859,0.5997251
5506,1992,Nogales,303,5506,5506,0.61867418,0.43194069
5506,2002,Nogales,303,5506,5506,0.60305737,0.1979359
5506,2017,Nogales,303,5506,5506,0.3630441169199552,0.07717904
5601,1982,San Antonio,320,5601,5601,0.6033758,0.6358298
5601,1992,San Antonio,320,5601,5601,0.63023946,0.38533646
5601,2002,San Antonio,320,5601,5601,0.61558099,0.19928794
5601,2017,San Antonio,320,5601,5601,0.3650066732253086,0.07510975
5602,1982,Algarrobo,324,5602,5602,0.6404412,0.5730251
5602,1992,Algarrobo,324,5602,5602,0.67553959,0.30578842
5602,2002,Algarrobo,324,5602,5602,0.63959439,0.17079983
5602,2017,Algarrobo,324,5602,5602,0.4055538987330951,0.03274533
5603,1982,Cartagena,321,5603,5603,0.5848116,0.5817928
5603,1992,Cartagena,321,5603,5603,0.66063128,0.42256905
5603,2002,Cartagena,321,5603,5603,0.61727749,0.22118556
5603,2017,Cartagena,321,5603,5603,0.3765154413806331,0.06865372
5604,1982,El Quisco,323,5604,5604,0.6437213,0.6189829
5604,1992,El Quisco,323,5604,5604,0.67800139,0.41900476
5604,2002,El Quisco,323,5604,5604,0.61848769,0.1773279
5604,2017,El Quisco,323,5604,5604,0.3830744722225288,0.03433246
5605,1982,El Tabo,322,5605,5605,0.5913577,0.5782921
5605,1992,El Tabo,322,5605,5605,0.67904117,0.41707237
5605,2002,El Tabo,322,5605,5605,0.61641796,0.16822186
5605,2017,El Tabo,322,5605,5605,0.3941568393200118,0.06201755
5606,1982,Santo Domingo,325,5606,5606,0.6688868,0.4811045
5606,1992,Santo Domingo,325,5606,5606,0.65015265,0.26892834
5606,2002,Santo Domingo,325,5606,5606,0.65555245,0.14392398
5606,2017,Santo Domingo,325,5606,5606,0.3926344050929448,0.03979914
5701,1982,San Felipe,290,5701,5701,0.6046054,0.5139864
5701,1992,San Felipe,290,5701,5701,0.63742313,0.35166591
5701,2002,San Felipe,290,5701,5701,0.62381674,0.17489716
5701,2017,San Felipe,290,5701,5701,0.3776833190573562,0.08170019
5702,1982,Catemu,295,5702,5702,0.6174334,0.569019
5702,1992,Catemu,295,5702,5702,0.63950111,0.36618503
5702,2002,Catemu,295,5702,5702,0.61040988,0.22955698
5702,2017,Catemu,295,5702,5702,0.358001702840483,0.16867505
5703,1982,Llaillay,294,5703,5703,0.6054455,0.5976489
5703,1992,Llaillay,294,5703,5703,0.64405711,0.39226631
5703,2002,Llaillay,294,5703,5703,0.61231014,0.21502061
5703,2017,Llaillay,294,5703,5703,0.3587262190753379,0.07810892
5704,1982,Panquehue,293,5704,5704,0.5997801,0.5032884
5704,1992,Panquehue,293,5704,5704,0.63677332,0.38168375
5704,2002,Panquehue,293,5704,5704,0.61689854,0.17863138
5704,2017,Panquehue,293,5704,5704,0.3663833952405759,0.10167596
5705,1982,Putaendo,291,5705,5705,0.5941038,0.5875804
5705,1992,Putaendo,291,5705,5705,0.63444089,0.35578912
5705,2002,Putaendo,291,5705,5705,0.61164096,0.22030515
5705,2017,Putaendo,291,5705,5705,0.3652529712127204,0.09252123
5706,1982,Santa María,292,5706,5706,0.5693187,0.5113982
5706,1992,Santa María,292,5706,5706,0.64083317,0.38608146
5706,2002,Santa María,292,5706,5706,0.60750177,0.22534976
5706,2017,Santa María,292,5706,5706,0.3596931853564528,0.12910137
5801,1982,Quilpué,314,5106,5106,0.5902925,0.5594096
5801,1992,Quilpué,314,5106,5106,0.63780786,0.31427231
5801,2002,Quilpué,314,5106,5106,0.61376085,0.14947454
5801,2017,Quilpué,314,5106,5106,0.3641470106725489,0.0525402
5802,1982,Limache,305,5505,5505,0.6172307,0.5670254
5802,1992,Limache,305,5505,5505,0.64739977,0.3663517
5802,2002,Limache,305,5505,5505,0.6205099,0.19954023
5802,2017,Limache,305,5505,5505,0.3684007590157845,0.0444495
5803,1982,Olmué,306,5507,5507,0.625632,0.5762072
5803,1992,Olmué,306,5507,5507,0.65479722,0.4952654
5803,2002,Olmué,306,5507,5507,0.6268144,0.22008275
5803,2017,Olmué,306,5507,5507,0.3828836502411846,0.06921792
5804,1982,Villa Alemana,315,5108,5108,0.6033783,0.553639
5804,1992,Villa Alemana,315,5108,5108,0.6317499,0.30952014
5804,2002,Villa Alemana,315,5108,5108,0.60539807,0.15706135
5804,2017,Villa Alemana,315,5108,5108,0.3629835413216722,0.03731373
6101,1982,Rancagua,335,6101,6101,0.6183926,0.4835898
6101,1992,Rancagua,335,6101,6101,0.64436634,0.30582024
6101,2002,Rancagua,335,6101,6101,0.62876176,0.16710784
6101,2017,Rancagua,335,6101,6101,0.3778440153003947,0.10638726
6102,1982,Codegua,338,6102,6102,0.57816,0.510799
6102,1992,Codegua,338,6102,6102,0.62797518,0.39323671
6102,2002,Codegua,338,6102,6102,0.60380234,0.19727097
6102,2017,Codegua,338,6102,6102,0.349053397396587,0.08943369
6103,1982,Coinco,349,6103,6103,0.6201885,0.5239723
6103,1992,Coinco,349,6103,6103,0.66028597,0.38873156
6103,2002,Coinco,349,6103,6103,0.61300935,0.21699477
6103,2017,Coinco,349,6103,6103,0.350599092930444,0.14438583
6104,1982,Coltauco,348,6104,6104,0.6069954,0.4782754
6104,1992,Coltauco,348,6104,6104,0.63420622,0.35527784
6104,2002,Coltauco,348,6104,6104,0.61035919,0.19586767
6104,2017,Coltauco,348,6104,6104,0.3428267740935476,0.14442604
6105,1982,Doñihue,350,6105,6105,0.5652596,0.5068007
6105,1992,Doñihue,350,6105,6105,0.6278518,0.40032239
6105,2002,Doñihue,350,6105,6105,0.60633022,0.1833348
6105,2017,Doñihue,350,6105,6105,0.3528764642770072,0.07490566
6106,1982,Graneros,336,6106,6106,0.6041405,0.5733128
6106,1992,Graneros,336,6106,6106,0.63229927,0.38946295
6106,2002,Graneros,336,6106,6106,0.61485247,0.20308203
6106,2017,Graneros,336,6106,6106,0.3650840443591077,0.07011657
6107,1982,Las Cabras,351,6107,6107,0.6146995,0.5691793
6107,1992,Las Cabras,351,6107,6107,0.62650036,0.37183362
6107,2002,Las Cabras,351,6107,6107,0.60378455,0.18386404
6107,2017,Las Cabras,351,6107,6107,0.3446296781012748,0.1333034
6108,1982,Machalí,339,6108,6108,0.6062382,0.5791761
6108,1992,Machalí,339,6108,6108,0.64635205,0.39064678
6108,2002,Machalí,339,6108,6108,0.64713785,0.14062423
6108,2017,Machalí,339,6108,6108,0.3882951618067368,0.07241851
6109,1982,Malloa,343,6109,6109,0.5886251,0.5084897
6109,1992,Malloa,343,6109,6109,0.64152501,0.37848297
6109,2002,Malloa,343,6109,6109,0.60466254,0.194857
6109,2017,Malloa,343,6109,6109,0.3478153748462322,0.12141748
6110,1982,Mostazal,337,6110,6110,0.6131588,0.6214277
6110,1992,Mostazal,337,6110,6110,0.63504465,0.44498725
6110,2002,Mostazal,337,6110,6110,0.61740238,0.20105462
6110,2017,Mostazal,337,6110,6110,0.3529507773452242,0.09991279
6111,1982,Olivar,340,6111,6111,0.2547532,0.4308875
6111,1992,Olivar,340,6111,6111,0.63807184,0.42621074
6111,2002,Olivar,340,6111,6111,0.60869818,0.19796388
6111,2017,Olivar,340,6111,6111,0.3617034523000829,0.08491641
6112,1982,Peumo,347,6112,6112,0.6216735,0.545317
6112,1992,Peumo,347,6112,6112,0.6452447,0.35724422
6112,2002,Peumo,347,6112,6112,0.60935844,0.18469179
6112,2017,Peumo,347,6112,6112,0.3493087848108924,0.12510976
6113,1982,Pichidegua,346,6113,6113,0.6054629,0.5481318
6113,1992,Pichidegua,346,6113,6113,0.62844354,0.37025614
6113,2002,Pichidegua,346,6113,6113,0.59957217,0.17101885
6113,2017,Pichidegua,346,6113,6113,0.3385906625234032,0.11634192
6114,1982,Quinta de Tilcoco,344,6114,6114,0.6014879,0.5438373
6114,1992,Quinta de Tilcoco,344,6114,6114,0.64681546,0.41258468
6114,2002,Quinta de Tilcoco,344,6114,6114,0.60769091,0.2395261
6114,2017,Quinta de Tilcoco,344,6114,6114,0.3385735332604394,0.12904192
6115,1982,Rengo,342,6115,6115,0.6130894,0.5375798
6115,1992,Rengo,342,6115,6115,0.64435247,0.33630299
6115,2002,Rengo,342,6115,6115,0.62128823,0.2298964
6115,2017,Rengo,342,6115,6115,0.3607130373535672,0.10198429
6116,1982,Requínoa,341,6116,6116,0.6148572,0.5241563
6116,1992,Requínoa,341,6116,6116,0.63185684,0.37481375
6116,2002,Requínoa,341,6116,6116,0.62363743,0.17521253
6116,2017,Requínoa,341,6116,6116,0.3599812290450704,0.07708853
6117,1982,San Vicente,345,6117,6117,0.6253945,0.5025373
6117,1992,San Vicente,345,6117,6117,0.6572267,0.33312093
6117,2002,San Vicente,345,6117,6117,0.62601501,0.16420909
6117,2017,San Vicente,345,6117,6117,0.3561121325691819,0.07108059
6201,1982,Pichilemu,370,6201,6201,0.5958865,0.6347936
6201,1992,Pichilemu,370,6201,6201,0.66152617,0.42795525
6201,2002,Pichilemu,370,6201,6201,0.62180175,0.19595752
6201,2017,Pichilemu,370,6201,6201,0.3675551935707312,0.04056908
6202,1982,La Estrella,373,6202,6202,0.6233142,0.4760027
6202,1992,La Estrella,373,6202,6202,0.65314957,0.3147731
6202,2002,La Estrella,373,6202,6202,0.6119825,0.22803664
6202,2017,La Estrella,373,6202,6202,0.3393370069043917,0.14014257
6203,1982,Litueche,372,6203,6203,0.6370574,0.5412378
6203,1992,Litueche,372,6203,6203,0.64230862,0.39211195
6203,2002,Litueche,372,6203,6203,0.61034184,0.21331685
6203,2017,Litueche,372,6203,6203,0.3441497310609709,0.09825092
6204,1982,Marchihue,374,6204,6204,0.6163799,0.5946586
6204,1992,Marchihue,374,6204,6204,0.62979225,0.3471421
6204,2002,Marchihue,374,6204,6204,0.59658661,0.16262527
6204,2017,Marchihue,374,6204,6204,0.3816321323993497,0.06259719
6205,1982,Navidad,371,6205,6205,0.602033,0.5463095
6205,1992,Navidad,371,6205,6205,0.63180829,0.3290862
6205,2002,Navidad,371,6205,6205,0.61118698,0.17044831
6205,2017,Navidad,371,6205,6205,0.3620419743311119,0.1171075
6206,1982,Paredones,375,6206,6206,0.6050103,0.6457316
6206,1992,Paredones,375,6206,6206,0.63755032,0.44344242
6206,2002,Paredones,375,6206,6206,0.59758782,0.22229399
6206,2017,Paredones,375,6206,6206,0.3432606692836815,0.1478546
6301,1982,San Fernando,355,6301,6301,0.6430044,0.5674472
6301,1992,San Fernando,355,6301,6301,0.65122745,0.35778232
6301,2002,San Fernando,355,6301,6301,0.6323594,0.19060708
6301,2017,San Fernando,355,6301,6301,0.365309482601954,0.10123158
6302,1982,Chépica,359,6302,6302,0.6138083,0.6484393
6302,1992,Chépica,359,6302,6302,0.66021404,0.46224521
6302,2002,Chépica,359,6302,6302,0.61080149,0.26510961
6302,2017,Chépica,359,6302,6302,0.338288393271585,0.11950377
6303,1982,Chimbarongo,356,6303,6303,0.6078928,0.5940713
6303,1992,Chimbarongo,356,6303,6303,0.64267927,0.43780922
6303,2002,Chimbarongo,356,6303,6303,0.6104929,0.2055443
6303,2017,Chimbarongo,356,6303,6303,0.3407095922344109,0.15857141
6304,1982,Lolol,361,6304,6304,0.6344607,0.65267
6304,1992,Lolol,361,6304,6304,0.66698021,0.4517725
6304,2002,Lolol,361,6304,6304,0.61648538,0.22485761
6304,2017,Lolol,361,6304,6304,0.3341635155532417,0.13359179
6305,1982,Nancagua,358,6305,6305,0.6079578,0.6033524
6305,1992,Nancagua,358,6305,6305,0.63811706,0.40357033
6305,2002,Nancagua,358,6305,6305,0.61349337,0.21206291
6305,2017,Nancagua,358,6305,6305,0.3525132372237882,0.11174936
6306,1982,Palmilla,363,6306,6306,0.5963841,0.5803643
6306,1992,Palmilla,363,6306,6306,0.63193359,0.37079982
6306,2002,Palmilla,363,6306,6306,0.59748936,0.16491947
6306,2017,Palmilla,363,6306,6306,0.3395967735960885,0.09127718
6307,1982,Peralillo,364,6307,6307,0.6140545,0.6334142
6307,1992,Peralillo,364,6307,6307,0.62807033,0.40218473
6307,2002,Peralillo,364,6307,6307,0.60809535,0.17991083
6307,2017,Peralillo,364,6307,6307,0.3500590284445452,0.07602012
6308,1982,Placilla,357,6308,6308,0.6038082,0.5686584
6308,1992,Placilla,357,6308,6308,0.64928714,0.37944127
6308,2002,Placilla,357,6308,6308,0.6167463,0.18434008
6308,2017,Placilla,357,6308,6308,0.3445395306144336,0.17643578
6309,1982,Pumanque,362,6309,6309,0.6263535,0.5956089
6309,1992,Pumanque,362,6309,6309,0.65762259,0.42390129
6309,2002,Pumanque,362,6309,6309,0.60285125,0.1616739
6309,2017,Pumanque,362,6309,6309,0.3331342272016483,0.10663007
6310,1982,Santa Cruz,360,6310,6310,0.6410016,0.5865782
6310,1992,Santa Cruz,360,6310,6310,0.6755014,0.40001509
6310,2002,Santa Cruz,360,6310,6310,0.63773589,0.19158992
6310,2017,Santa Cruz,360,6310,6310,0.3592948995854385,0.0496429
7101,1982,Talca,390,7101,7101,0.6239653,0.5896896
7101,1992,Talca,390,7101,7101,0.64660488,0.4191215
7101,2002,Talca,390,7101,7101,0.63347142,0.19022344
7101,2017,Talca,390,7101,7101,0.3841493898390417,0.07981595
7102,1982,Constitución,397,7102,7102,0.6347198,0.631739
7102,1992,Constitución,397,7102,7102,0.65974857,0.38379707
7102,2002,Constitución,397,7102,7102,0.63481807,0.16980207
7102,2017,Constitución,397,7102,7102,0.3808575152710746,0.07541426
7103,1982,Curepto,398,7103,7103,0.6164924,0.6079627
7103,1992,Curepto,398,7103,7103,0.63966916,0.43848663
7103,2002,Curepto,398,7103,7103,0.61664427,0.20238466
7103,2017,Curepto,398,7103,7103,0.3580748426461503,0.15417901
7104,1982,Empedrado,395,7104,7104,0.6013626,0.6551544
7104,1992,Empedrado,395,7104,7104,0.6371267,0.53404116
7104,2002,Empedrado,395,7104,7104,0.61269299,0.25993826
7104,2017,Empedrado,395,7104,7104,0.3560180808739864,0.16625834
7105,1982,Maule,394,7105,7105,0.6063572,0.5769856
7105,1992,Maule,394,7105,7105,0.64657271,0.43534911
7105,2002,Maule,394,7105,7105,0.61472617,0.20117422
7105,2017,Maule,394,7105,7105,0.3709515296940126,0.1103221
7106,1982,Pelarco,391,7106,7106,0.6032704,0.6266209
7106,1992,Pelarco,391,7106,7106,0.63757546,0.41883259
7106,2002,Pelarco,391,7106,7106,0.60121272,0.21447378
7106,2017,Pelarco,391,7106,7106,0.3648726239648299,0.15974821
7107,1982,Pencahue,396,7107,7107,0.5987923,0.5798997
7107,1992,Pencahue,396,7107,7107,0.64348265,0.44965124
7107,2002,Pencahue,396,7107,7107,0.61347258,0.22269004
7107,2017,Pencahue,396,7107,7107,0.3716692981864817,0.0849309
7108,1982,Río Claro,392,7108,7108,0.6045599,0.582406
7108,1992,Río Claro,392,7108,7108,0.64314654,0.48167293
7108,2002,Río Claro,392,7108,7108,0.59860859,0.19433235
7108,2017,Río Claro,392,7108,7108,0.3460458182394481,0.10634282
7109,1982,San Clemente,393,7109,7109,0.5909458,0.6285234
7109,1992,San Clemente,393,7109,7109,0.63484918,0.43944862
7109,2002,San Clemente,393,7109,7109,0.60265865,0.24518462
7109,2017,San Clemente,393,7109,7109,0.357286556326433,0.16650646
7110,1982,San Rafael,399,7110,7110,0.6032704,0.6266209
7110,1992,San Rafael,399,7110,7110,0.63838542,0.4895837
7110,2002,San Rafael,399,7110,7110,0.60846776,0.23330318
7110,2017,San Rafael,399,7110,7110,0.3564425983361983,0.06977858
7201,1982,Cauquenes,410,7201,7201,0.6207519,0.58911
7201,1992,Cauquenes,410,7201,7201,0.65184621,0.41796253
7201,2002,Cauquenes,410,7201,7201,0.63049612,0.21503517
7201,2017,Cauquenes,410,7201,7201,0.3669109175841172,0.20000014
7202,1982,Chanco,412,7202,7202,0.6022039,0.6183552
7202,1992,Chanco,412,7202,7202,0.63016492,0.43939849
7202,2002,Chanco,412,7202,7202,0.60651072,0.25981346
7202,2017,Chanco,412,7202,7202,0.3493399976377308,0.20374063
7203,1982,Pelluhue,411,7203,7203,0.6214436,0.5706183
7203,1992,Pelluhue,411,7203,7203,0.624653,0.42525876
7203,2002,Pelluhue,411,7203,7203,0.62242636,0.25317288
7203,2017,Pelluhue,411,7203,7203,0.3732178686728697,0.19376692
7301,1982,Curicó,380,7301,7301,0.6286762,0.5596728
7301,1992,Curicó,380,7301,7301,0.66267756,0.33447959
7301,2002,Curicó,380,7301,7301,0.63444734,0.17535052
7301,2017,Curicó,380,7301,7301,0.3788738474992064,0.09851311
7302,1982,Hualañé,385,7302,7302,0.6262892,0.6345986
7302,1992,Hualañé,385,7302,7302,0.65506287,0.39812522
7302,2002,Hualañé,385,7302,7302,0.62564739,0.26078195
7302,2017,Hualañé,385,7302,7302,0.3685347002116026,0.21385008
7303,1982,Licantén,386,7303,7303,0.63019,0.6079996
7303,1992,Licantén,386,7303,7303,0.64766393,0.44465713
7303,2002,Licantén,386,7303,7303,0.62267185,0.22722152
7303,2017,Licantén,386,7303,7303,0.3567813743261826,0.23263637
7304,1982,Molina,383,7304,7304,0.6085803,0.5977036
7304,1992,Molina,383,7304,7304,0.63197196,0.4596928
7304,2002,Molina,383,7304,7304,0.61113229,0.22277145
7304,2017,Molina,383,7304,7304,0.3580062537804167,0.13050635
7305,1982,Rauco,388,7305,7305,0.5965614,0.5988249
7305,1992,Rauco,388,7305,7305,0.6434434,0.454879
7305,2002,Rauco,388,7305,7305,0.61435906,0.23427795
7305,2017,Rauco,388,7305,7305,0.358257618190456,0.18138953
7306,1982,Romeral,382,7306,7306,0.6195874,0.529069
7306,1992,Romeral,382,7306,7306,0.6411088,0.4125863
7306,2002,Romeral,382,7306,7306,0.61628725,0.17358947
7306,2017,Romeral,382,7306,7306,0.3664622329530702,0.11690577
7307,1982,Sagrada Familia,384,7307,7307,0.6126791,0.5788717
7307,1992,Sagrada Familia,384,7307,7307,0.64154166,0.45519581
7307,2002,Sagrada Familia,384,7307,7307,0.60927998,0.2082591
7307,2017,Sagrada Familia,384,7307,7307,0.357150044553555,0.1567053
7308,1982,Teno,381,7308,7308,0.6066164,0.5800183
7308,1992,Teno,381,7308,7308,0.63595648,0.3385321
7308,2002,Teno,381,7308,7308,0.6136454,0.22012745
7308,2017,Teno,381,7308,7308,0.3494039837662821,0.09153017
7309,1982,Vichuquén,387,7309,7309,0.6058019,0.5563397
7309,1992,Vichuquén,387,7309,7309,0.64502454,0.36655899
7309,2002,Vichuquén,387,7309,7309,0.60418529,0.24839436
7309,2017,Vichuquén,387,7309,7309,0.3743759627812522,0.17128331
7401,1982,Linares,400,7401,7401,0.628889,0.5315347
7401,1992,Linares,400,7401,7401,0.64830617,0.38140875
7401,2002,Linares,400,7401,7401,0.63469799,0.22126264
7401,2017,Linares,400,7401,7401,0.3765397933662548,0.11340097
7402,1982,Colbún,402,7402,7402,0.6087988,0.5490261
7402,1992,Colbún,402,7402,7402,0.6310263,0.42527312
7402,2002,Colbún,402,7402,7402,0.6051589,0.2717331
7402,2017,Colbún,402,7402,7402,0.3648680856806298,0.25091513
7403,1982,Longaví,403,7403,7403,0.6014039,0.5688761
7403,1992,Longaví,403,7403,7403,0.62894231,0.42722063
7403,2002,Longaví,403,7403,7403,0.5991842,0.23223928
7403,2017,Longaví,403,7403,7403,0.3463937383618108,0.2385037
7404,1982,Parral,404,7404,7404,0.6312977,0.5739726
7404,1992,Parral,404,7404,7404,0.65913347,0.4233063
7404,2002,Parral,404,7404,7404,0.63746331,0.23919202
7404,2017,Parral,404,7404,7404,0.3709931472562285,0.16911426
7405,1982,Retiro,405,7405,7405,0.5938981,0.5330591
7405,1992,Retiro,405,7405,7405,0.63635776,0.42749651
7405,2002,Retiro,405,7405,7405,0.59748542,0.24240877
7405,2017,Retiro,405,7405,7405,0.3519824529138192,0.22514205
7406,1982,San Javier,407,7406,7406,0.6240855,0.5319822
7406,1992,San Javier,407,7406,7406,0.64885535,0.42908971
7406,2002,San Javier,407,7406,7406,0.63026009,0.23524118
7406,2017,San Javier,407,7406,7406,0.3677119390908585,0.20021908
7407,1982,Villa Alegre,406,7407,7407,0.6042786,0.5306702
7407,1992,Villa Alegre,406,7407,7407,0.65623087,0.44541548
7407,2002,Villa Alegre,406,7407,7407,0.61552537,0.22672034
7407,2017,Villa Alegre,406,7407,7407,0.3588244606703155,0.19620953
7408,1982,Yerbas Buenas,401,7408,7408,0.5999138,0.5324058
7408,1992,Yerbas Buenas,401,7408,7408,0.63538913,0.41835701
7408,2002,Yerbas Buenas,401,7408,7408,0.59992316,0.23469801
7408,2017,Yerbas Buenas,401,7408,7408,0.3461942951107377,0.22078633
8101,1982,Concepción,455,8101,8101,0.6262135,0.5847118
8101,1992,Concepción,455,8101,8101,0.67368302,0.32588628
8101,2002,Concepción,455,8101,8101,0.64495791,0.1523671
8101,2017,Concepción,455,8101,8101,0.414359748795343,0.076952
8102,1982,Coronel,463,8102,8102,0.5447234,0.6718632
8102,1992,Coronel,463,8102,8102,0.61304308,0.46839351
8102,2002,Coronel,463,8102,8102,0.60177256,0.21962297
8102,2017,Coronel,463,8102,8102,0.3773060378946096,0.11355252
8103,1982,Chiguayante,474,8103,8103,0.6262135,0.5847118
8103,1992,Chiguayante,474,8103,8103,0.64961251,0.37013495
8103,2002,Chiguayante,474,8103,8103,0.63767153,0.17575794
8103,2017,Chiguayante,474,8103,8103,0.3969327793336524,0.08714971
8104,1982,Florida,459,8104,8104,0.6015832,0.6054584
8104,1992,Florida,459,8104,8104,0.6235661,0.39243741
8104,2002,Florida,459,8104,8104,0.59941586,0.25977083
8104,2017,Florida,459,8104,8104,0.3918516609086349,0.15872625
8105,1982,Hualqui,460,8105,8105,0.5825137,0.6696121
8105,1992,Hualqui,460,8105,8105,0.64253746,0.48381145
8105,2002,Hualqui,460,8105,8105,0.60699553,0.27144919
8105,2017,Hualqui,460,8105,8105,0.3815026052029295,0.12908332
8106,1982,Lota,462,8106,8106,0.5013266,0.6769657
8106,1992,Lota,462,8106,8106,0.61320041,0.48950875
8106,2002,Lota,462,8106,8106,0.59608963,0.25571876
8106,2017,Lota,462,8106,8106,0.3690083753436937,0.18130009
8107,1982,Penco,457,8107,8107,0.5739886,0.7124247
8107,1992,Penco,457,8107,8107,0.63096133,0.47081562
8107,2002,Penco,457,8107,8107,0.60924964,0.22349382
8107,2017,Penco,457,8107,8107,0.3770505067655204,0.08586593
8108,1982,San Pedro de la Paz,464,8108,8108,0.6262135,0.5847118
8108,1992,San Pedro de la Paz,464,8108,8108,0.6571417,0.3556906
8108,2002,San Pedro de la Paz,464,8108,8108,0.65675024,0.18977044
8108,2017,San Pedro de la Paz,464,8108,8108,0.4167480998693628,0.12170364
8109,1982,Santa Juana,461,8109,8109,0.5852205,0.614396
8109,1992,Santa Juana,461,8109,8109,0.62622694,0.37951184
8109,2002,Santa Juana,461,8109,8109,0.6013397,0.28815967
8109,2017,Santa Juana,461,8109,8109,0.3896640291273006,0.15478639
8110,1982,Talcahuano,456,8110,8110,0.5859166,0.6334096
8110,1992,Talcahuano,456,8110,8110,0.62342336,0.36169126
8110,2002,Talcahuano,456,8110,8110,0.60932197,0.18942413
8110,2017,Talcahuano,456,8110,8110,0.3884146277815681,0.07914328
8111,1982,Tomé,458,8111,8111,0.5904093,0.6988059
8111,1992,Tomé,458,8111,8111,0.63730635,0.50184151
8111,2002,Tomé,458,8111,8111,0.61271085,0.22813026
8111,2017,Tomé,458,8111,8111,0.3815377828749196,0.07272963
8112,1982,Hualpén,456,8112,8112,0.5859166,0.6334096
8112,1992,Hualpén,456,8112,8112,0.61406695,0.3444406
8112,2002,Hualpén,456,8112,8112,0.61260674,0.15849292
8112,2017,Hualpén,456,8112,8112,0.3821320990919024,0.10529945
8201,1982,Lebu,465,8201,8201,0.6066975,0.67627
8201,1992,Lebu,465,8201,8201,0.62843579,0.41292258
8201,2002,Lebu,465,8201,8201,0.62353533,0.30308443
8201,2017,Lebu,465,8201,8201,0.3879998998962247,0.132473
8202,1982,Arauco,466,8202,8202,0.6081347,0.6472077
8202,1992,Arauco,466,8202,8202,0.63183439,0.35069548
8202,2002,Arauco,466,8202,8202,0.62668351,0.20195249
8202,2017,Arauco,466,8202,8202,0.3899471405341627,0.15933187
8203,1982,Cañete,469,8203,8203,0.6224135,0.6568929
8203,1992,Cañete,469,8203,8203,0.63833902,0.3787261
8203,2002,Cañete,469,8203,8203,0.65139206,0.32160927
8203,2017,Cañete,469,8203,8203,0.4089623903320208,0.15803516
8204,1982,Contulmo,470,8204,8204,0.6164272,0.6319158
8204,1992,Contulmo,470,8204,8204,0.63277945,0.38265424
8204,2002,Contulmo,470,8204,8204,0.62537414,0.25707799
8204,2017,Contulmo,470,8204,8204,0.4010717829128545,0.24216284
8205,1982,Curanilahue,467,8205,8205,0.5922979,0.7192186
8205,1992,Curanilahue,467,8205,8205,0.61679112,0.46273635
8205,2002,Curanilahue,467,8205,8205,0.61145462,0.25301133
8205,2017,Curanilahue,467,8205,8205,0.3763094306251713,0.12304258
8206,1982,Los Álamos,468,8206,8206,0.6064153,0.7471528
8206,1992,Los Álamos,468,8206,8206,0.6165243,0.51871809
8206,2002,Los Álamos,468,8206,8206,0.61360116,0.32025549
8206,2017,Los Álamos,468,8206,8206,0.3775381501930239,0.16085991
8207,1982,Tirúa,471,8207,8207,0.5865876,0.6298582
8207,1992,Tirúa,471,8207,8207,0.61408456,0.32983386
8207,2002,Tirúa,471,8207,8207,0.62451125,0.37986982
8207,2017,Tirúa,471,8207,8207,0.4118037054075432,0.26080515
8301,1982,Los Ángeles,440,8301,8301,0.6394335,0.6067915
8301,1992,Los Ángeles,440,8301,8301,0.66139518,0.37441525
8301,2002,Los Ángeles,440,8301,8301,0.64369436,0.19907182
8301,2017,Los Ángeles,440,8301,8301,0.4051980896781989,0.17415379
8302,1982,Antuco,443,8302,8302,0.6287438,0.6033165
8302,1992,Antuco,443,8302,8302,0.63246837,0.41694158
8302,2002,Antuco,443,8302,8302,0.60705193,0.25858813
8302,2017,Antuco,443,8302,8302,0.4075313963664779,0.28763007
8303,1982,Cabrero,441,8303,8303,0.6089165,0.6725841
8303,1992,Cabrero,441,8303,8303,0.62937676,0.43198918
8303,2002,Cabrero,441,8303,8303,0.61274697,0.26281219
8303,2017,Cabrero,441,8303,8303,0.3890751127602952,0.11202894
8304,1982,Laja,450,8304,8304,0.5938347,0.6316339
8304,1992,Laja,450,8304,8304,0.63455143,0.41955905
8304,2002,Laja,450,8304,8304,0.63180246,0.23452284
8304,2017,Laja,450,8304,8304,0.4062514764391324,0.19354642
8305,1982,Mulchén,447,8305,8305,0.5985879,0.6686004
8305,1992,Mulchén,447,8305,8305,0.6512058,0.474612
8305,2002,Mulchén,447,8305,8305,0.6259016,0.29677178
8305,2017,Mulchén,447,8305,8305,0.3898249624794012,0.14801229
8306,1982,Nacimiento,449,8306,8306,0.6053188,0.6339764
8306,1992,Nacimiento,449,8306,8306,0.63712422,0.41864509
8306,2002,Nacimiento,449,8306,8306,0.61932313,0.25134718
8306,2017,Nacimiento,449,8306,8306,0.3915102157305516,0.17353189
8307,1982,Negrete,448,8307,8307,0.5938321,0.6452082
8307,1992,Negrete,448,8307,8307,0.64592819,0.46026797
8307,2002,Negrete,448,8307,8307,0.61150157,0.3072192
8307,2017,Negrete,448,8307,8307,0.3956358001242234,0.17865508
8308,1982,Quilaco,446,8308,8308,0.5971831,0.6046342
8308,1992,Quilaco,446,8308,8308,0.62568115,0.44280092
8308,2002,Quilaco,446,8308,8308,0.60507303,0.30505184
8308,2017,Quilaco,446,8308,8308,0.3889071523819986,0.21121315
8309,1982,Quilleco,444,8309,8309,0.6047382,0.659064
8309,1992,Quilleco,444,8309,8309,0.6134421,0.44011461
8309,2002,Quilleco,444,8309,8309,0.59304902,0.31046506
8309,2017,Quilleco,444,8309,8309,0.3836618236775539,0.16048127
8310,1982,San Rosendo,451,8310,8310,0.5414367,0.6537077
8310,1992,San Rosendo,451,8310,8310,0.63133777,0.47412396
8310,2002,San Rosendo,451,8310,8310,0.6046095,0.29078475
8310,2017,San Rosendo,451,8310,8310,0.3955238271483723,0.20803186
8311,1982,Santa Bárbara,445,8311,8311,0.5961221,0.5640537
8311,1992,Santa Bárbara,445,8311,8311,0.64429294,0.47564935
8311,2002,Santa Bárbara,445,8311,8311,0.62569391,0.2329716
8311,2017,Santa Bárbara,445,8311,8311,0.402737126102533,0.16387206
8312,1982,Tucapel,442,8312,8312,0.6024548,0.6549523
8312,1992,Tucapel,442,8312,8312,0.62291234,0.48213834
8312,2002,Tucapel,442,8312,8312,0.61460014,0.27888388
8312,2017,Tucapel,442,8312,8312,0.3922740417387856,0.1576684
8313,1982,Yumbel,452,8313,8313,0.5772638,0.626142
8313,1992,Yumbel,452,8313,8313,0.64562012,0.45384909
8313,2002,Yumbel,452,8313,8313,0.61307991,0.25333827
8313,2017,Yumbel,452,8313,8313,0.3941576730742905,0.21028359
8314,1982,Alto Biobío,445,8314,8314,0.5961221,0.5640537
8314,1992,Alto Biobío,445,8314,8314,0.63280491,0.35375978
8314,2002,Alto Biobío,445,8314,8314,0.62641672,0.4100363
8314,2017,Alto Biobío,445,8314,8314,0.4679610331016386,0.39734079
9101,1982,Temuco,490,9101,9101,0.6284065,0.6318909
9101,1992,Temuco,490,9101,9101,0.65122042,0.34688943
9101,2002,Temuco,490,9101,9101,0.64467694,0.19411743
9101,2017,Temuco,490,9101,9101,0.3986664293319468,0.10371617
9102,1982,Carahue,506,9102,9102,0.5911412,0.6685249
9102,1992,Carahue,506,9102,9102,0.62406399,0.36434119
9102,2002,Carahue,506,9102,9102,0.61736774,0.30706372
9102,2017,Carahue,506,9102,9102,0.379971956015393,0.24396579
9103,1982,Cunco,494,9103,9103,0.6115891,0.6581967
9103,1992,Cunco,494,9103,9103,0.62976905,0.35981444
9103,2002,Cunco,494,9103,9103,0.60740429,0.2800507
9103,2017,Cunco,494,9103,9103,0.3918952626694924,0.19653942
9104,1982,Curarrehue,496,9104,9104,0.6058568,0.6698566
9104,1992,Curarrehue,496,9104,9104,0.63288308,0.41371794
9104,2002,Curarrehue,496,9104,9104,0.61746432,0.29049372
9104,2017,Curarrehue,496,9104,9104,0.4178479273153812,0.22847045
9105,1982,Freire,499,9105,9105,0.5962928,0.6307734
9105,1992,Freire,499,9105,9105,0.62286354,0.31067997
9105,2002,Freire,499,9105,9105,0.6045881,0.25467368
9105,2017,Freire,499,9105,9105,0.3929110922981945,0.24020264
9106,1982,Galvarino,508,9106,9106,0.6189491,0.6987181
9106,1992,Galvarino,508,9106,9106,0.62962068,0.35950424
9106,2002,Galvarino,508,9106,9106,0.6222785,0.28529693
9106,2017,Galvarino,508,9106,9106,0.3915089573003105,0.37286297
9107,1982,Gorbea,501,9107,9107,0.6126642,0.6345044
9107,1992,Gorbea,501,9107,9107,0.64192747,0.35173068
9107,2002,Gorbea,501,9107,9107,0.6169147,0.2478722
9107,2017,Gorbea,501,9107,9107,0.3951276938587664,0.11297005
9108,1982,Lautaro,491,9108,9108,0.6285298,0.6762165
9108,1992,Lautaro,491,9108,9108,0.63447452,0.37535025
9108,2002,Lautaro,491,9108,9108,0.63512673,0.28924922
9108,2017,Lautaro,491,9108,9108,0.3859827509078474,0.16795547
9109,1982,Loncoche,502,9109,9109,0.6096793,0.6525214
9109,1992,Loncoche,502,9109,9109,0.62614748,0.37640671
9109,2002,Loncoche,502,9109,9109,0.61144409,0.27345704
9109,2017,Loncoche,502,9109,9109,0.3839532998293374,0.30205946
9110,1982,Melipeuco,495,9110,9110,0.6037419,0.6799274
9110,1992,Melipeuco,495,9110,9110,0.61337917,0.39292881
9110,2002,Melipeuco,495,9110,9110,0.61572729,0.32140706
9110,2017,Melipeuco,495,9110,9110,0.390441771256205,0.25711641
9111,1982,Nueva Imperial,507,9111,9111,0.600685,0.666737
9111,1992,Nueva Imperial,507,9111,9111,0.62312849,0.34677905
9111,2002,Nueva Imperial,507,9111,9111,0.61642293,0.25234247
9111,2017,Nueva Imperial,507,9111,9111,0.3789160057364782,0.19880688
9112,1982,Padre Las Casas,509,9112,9112,0.6284065,0.6318909
9112,1992,Padre Las Casas,509,9112,9112,0.60399847,0.36341201
9112,2002,Padre Las Casas,509,9112,9112,0.60773832,0.23736518
9112,2017,Padre Las Casas,509,9112,9112,0.388737836290824,0.196222
9113,1982,Perquenco,492,9113,9113,0.6135017,0.6468409
9113,1992,Perquenco,492,9113,9113,0.64088347,0.3633222
9113,2002,Perquenco,492,9113,9113,0.61359745,0.27638633
9113,2017,Perquenco,492,9113,9113,0.3873746337820206,0.219331
9114,1982,Pitrufquén,500,9114,9114,0.6249816,0.6284433
9114,1992,Pitrufquén,500,9114,9114,0.63921286,0.33400218
9114,2002,Pitrufquén,500,9114,9114,0.61599276,0.22086763
9114,2017,Pitrufquén,500,9114,9114,0.3854690981858977,0.10642299
9115,1982,Pucón,497,9115,9115,0.6360086,0.6768591
9115,1992,Pucón,497,9115,9115,0.64561791,0.39486245
9115,2002,Pucón,497,9115,9115,0.64398405,0.19871215
9115,2017,Pucón,497,9115,9115,0.4352556665994282,0.08912129
9116,1982,Saavedra,505,9116,9116,0.567691,0.6492574
9116,1992,Saavedra,505,9116,9116,0.60765003,0.33135161
9116,2002,Saavedra,505,9116,9116,0.60970296,0.30545736
9116,2017,Saavedra,505,9116,9116,0.3970382036988403,0.35380893
9117,1982,Teodoro Schmidt,504,9117,9117,0.5979362,0.6437352
9117,1992,Teodoro Schmidt,504,9117,9117,0.61949143,0.33400021
9117,2002,Teodoro Schmidt,504,9117,9117,0.60005171,0.24092332
9117,2017,Teodoro Schmidt,504,9117,9117,0.3770216005837896,0.27462362
9118,1982,Toltén,503,9118,9118,0.6015263,0.6159278
9118,1992,Toltén,503,9118,9118,0.62412045,0.39683658
9118,2002,Toltén,503,9118,9118,0.61278942,0.25415708
9118,2017,Toltén,503,9118,9118,0.3900518450529401,0.35105058
9119,1982,Vilcún,493,9119,9119,0.6061952,0.6673538
9119,1992,Vilcún,493,9119,9119,0.62868549,0.36897192
9119,2002,Vilcún,493,9119,9119,0.62334748,0.24251459
9119,2017,Vilcún,493,9119,9119,0.3873560258735235,0.31972391
9120,1982,Villarrica,498,9120,9120,0.6212488,0.6443077
9120,1992,Villarrica,498,9120,9120,0.63243138,0.38414622
9120,2002,Villarrica,498,9120,9120,0.62880329,0.21302655
9120,2017,Villarrica,498,9120,9120,0.4203359448158333,0.12514797
9121,1982,Cholchol,507,9121,9121,0.600685,0.666737
9121,1992,Cholchol,507,9121,9121,0.60763442,0.32347359
9121,2002,Cholchol,507,9121,9121,0.59588286,0.24214395
9121,2017,Cholchol,507,9121,9121,0.3875201752438834,0.41604544
9201,1982,Angol,475,9201,9201,0.6277181,0.6393112
9201,1992,Angol,475,9201,9201,0.64653265,0.47285075
9201,2002,Angol,475,9201,9201,0.63757725,0.23645621
9201,2017,Angol,475,9201,9201,0.3741468568012617,0.15559463
9202,1982,Collipulli,477,9202,9202,0.6376709,0.6780891
9202,1992,Collipulli,477,9202,9202,0.64178388,0.43706249
9202,2002,Collipulli,477,9202,9202,0.62416453,0.29366128
9202,2017,Collipulli,477,9202,9202,0.3825997583038197,0.24027875
9203,1982,Curacautín,479,9203,9203,0.6117837,0.6427802
9203,1992,Curacautín,479,9203,9203,0.64649658,0.43765361
9203,2002,Curacautín,479,9203,9203,0.6361723,0.26675892
9203,2017,Curacautín,479,9203,9203,0.4037581732084819,0.14214784
9204,1982,Ercilla,480,9204,9204,0.6090138,0.6654437
9204,1992,Ercilla,480,9204,9204,0.63136627,0.39028901
9204,2002,Ercilla,480,9204,9204,0.61501179,0.28462261
9204,2017,Ercilla,480,9204,9204,0.3843052957992923,0.26687255
9205,1982,Lonquimay,478,9205,9205,0.6087836,0.5925704
9205,1992,Lonquimay,478,9205,9205,0.63375341,0.38992235
9205,2002,Lonquimay,478,9205,9205,0.61745278,0.23500259
9205,2017,Lonquimay,478,9205,9205,0.4111557340834646,0.33480922
9206,1982,Los Sauces,485,9206,9206,0.6285886,0.6410614
9206,1992,Los Sauces,485,9206,9206,0.64021139,0.42539411
9206,2002,Los Sauces,485,9206,9206,0.61550264,0.29239079
9206,2017,Los Sauces,485,9206,9206,0.3729333760547875,0.24080369
9207,1982,Lumaco,483,9207,9207,0.6123309,0.6294342
9207,1992,Lumaco,483,9207,9207,0.63303935,0.40543118
9207,2002,Lumaco,483,9207,9207,0.62120938,0.2933225
9207,2017,Lumaco,483,9207,9207,0.3915033532771468,0.33320903
9208,1982,Purén,484,9208,9208,0.61439,0.6656947
9208,1992,Purén,484,9208,9208,0.64194366,0.43613939
9208,2002,Purén,484,9208,9208,0.62592667,0.29887011
9208,2017,Purén,484,9208,9208,0.3816624712826394,0.1770292
9209,1982,Renaico,476,9209,9209,0.6089266,0.6554945
9209,1992,Renaico,476,9209,9209,0.63193973,0.46690999
9209,2002,Renaico,476,9209,9209,0.61698822,0.29550754
9209,2017,Renaico,476,9209,9209,0.3688303597887041,0.18578177
9210,1982,Traiguén,482,9210,9210,0.6432919,0.6175662
9210,1992,Traiguén,482,9210,9210,0.65375814,0.42040538
9210,2002,Traiguén,482,9210,9210,0.64271996,0.24440856
9210,2017,Traiguén,482,9210,9210,0.3831078634726239,0.21272821
9211,1982,Victoria,481,9211,9211,0.6417289,0.6154206
9211,1992,Victoria,481,9211,9211,0.6485881,0.37146318
9211,2002,Victoria,481,9211,9211,0.63906731,0.25123166
9211,2017,Victoria,481,9211,9211,0.3869054167662178,0.22497901
10101,1982,Puerto Montt,535,10101,10101,0.6162935,0.6006881
10101,1992,Puerto Montt,535,10101,10101,0.64767425,0.3220735
10101,2002,Puerto Montt,535,10101,10101,0.63650088,0.16439647
10101,2017,Puerto Montt,535,10101,10101,0.4130997041619456,0.11422159
10102,1982,Calbuco,538,10102,10102,0.6045553,0.6234882
10102,1992,Calbuco,538,10102,10102,0.60351467,0.33656152
10102,2002,Calbuco,538,10102,10102,0.61085382,0.16756983
10102,2017,Calbuco,538,10102,10102,0.399548029998334,0.13465872
10103,1982,Cochamó,537,10103,10103,0.6035402,0.5333388
10103,1992,Cochamó,537,10103,10103,0.6156324,0.32306553
10103,2002,Cochamó,537,10103,10103,0.60504479,0.12061855
10103,2017,Cochamó,537,10103,10103,0.4099772943816268,0.13594979
10104,1982,Fresia,541,10104,10104,0.6290072,0.5949937
10104,1992,Fresia,541,10104,10104,0.63977922,0.38988053
10104,2002,Fresia,541,10104,10104,0.62862712,0.21704175
10104,2017,Fresia,541,10104,10104,0.3991146108475688,0.18037101
10105,1982,Frutillar,543,10105,10105,0.6479631,0.5347391
10105,1992,Frutillar,543,10105,10105,0.6653157,0.38961776
10105,2002,Frutillar,543,10105,10105,0.64082274,0.19956719
10105,2017,Frutillar,543,10105,10105,0.4081563355966484,0.10357
10106,1982,Los Muermos,540,10106,10106,0.6160201,0.5409487
10106,1992,Los Muermos,540,10106,10106,0.63034364,0.3555831
10106,2002,Los Muermos,540,10106,10106,0.62061763,0.1993191
10106,2017,Los Muermos,540,10106,10106,0.3952009099671593,0.10406882
10107,1982,Llanquihue,542,10107,10107,0.6278018,0.5932018
10107,1992,Llanquihue,542,10107,10107,0.65166263,0.42164642
10107,2002,Llanquihue,542,10107,10107,0.63560006,0.20211014
10107,2017,Llanquihue,542,10107,10107,0.4084169589999503,0.13691201
10108,1982,Maullín,539,10108,10108,0.6083168,0.5830729
10108,1992,Maullín,539,10108,10108,0.61603539,0.37650208
10108,2002,Maullín,539,10108,10108,0.60946153,0.16743837
10108,2017,Maullín,539,10108,10108,0.3829611212723433,0.16350048
10109,1982,Puerto Varas,536,10109,10109,0.6214444,0.559708
10109,1992,Puerto Varas,536,10109,10109,0.6692838,0.35434686
10109,2002,Puerto Varas,536,10109,10109,0.65953956,0.14754361
10109,2017,Puerto Varas,536,10109,10109,0.4232623969275273,0.05874276
10201,1982,Castro,545,10201,10201,0.6268641,0.6057141
10201,1992,Castro,545,10201,10201,0.63249378,0.30814772
10201,2002,Castro,545,10201,10201,0.63234024,0.13814907
10201,2017,Castro,545,10201,10201,0.4070405405310453,0.10125657
10202,1982,Ancud,546,10202,10202,0.6301758,0.6276507
10202,1992,Ancud,546,10202,10202,0.6310814,0.3585088
10202,2002,Ancud,546,10202,10202,0.62623712,0.16424906
10202,2017,Ancud,546,10202,10202,0.4038924894935116,0.14518747
10203,1982,Chonchi,552,10203,10203,0.5944094,0.6159874
10203,1992,Chonchi,552,10203,10203,0.60313394,0.33451564
10203,2002,Chonchi,552,10203,10203,0.61572192,0.16326117
10203,2017,Chonchi,552,10203,10203,0.4019055025604083,0.12779166
10204,1982,Curaco de Vélez,549,10204,10204,0.5989419,0.5576237
10204,1992,Curaco de Vélez,549,10204,10204,0.59745281,0.27374745
10204,2002,Curaco de Vélez,549,10204,10204,0.60317498,0.18112436
10204,2017,Curaco de Vélez,549,10204,10204,0.3904078794628444,0.13809998
10205,1982,Dalcahue,548,10205,10205,0.5989525,0.5882585
10205,1992,Dalcahue,548,10205,10205,0.59248739,0.31379421
10205,2002,Dalcahue,548,10205,10205,0.61446066,0.18738165
10205,2017,Dalcahue,548,10205,10205,0.3957691559185152,0.11601071
10206,1982,Puqueldón,551,10206,10206,0.5924902,0.5950934
10206,1992,Puqueldón,551,10206,10206,0.58503619,0.25457071
10206,2002,Puqueldón,551,10206,10206,0.59110512,0.17513357
10206,2017,Puqueldón,551,10206,10206,0.3718276441396734,0.13815176
10207,1982,Queilén,553,10207,10207,0.5912386,0.6597708
10207,1992,Queilén,553,10207,10207,0.60376903,0.36876556
10207,2002,Queilén,553,10207,10207,0.6146442,0.23112108
10207,2017,Queilén,553,10207,10207,0.3933910281305648,0.1980326
10208,1982,Quellón,554,10208,10208,0.5997685,0.6434835
10208,1992,Quellón,554,10208,10208,0.612486,0.40022982
10208,2002,Quellón,554,10208,10208,0.62307415,0.16517955
10208,2017,Quellón,554,10208,10208,0.4052357320804934,0.13116244
10209,1982,Quemchi,547,10209,10209,0.5963935,0.6348002
10209,1992,Quemchi,547,10209,10209,0.5997311,0.30212878
10209,2002,Quemchi,547,10209,10209,0.60527557,0.19374479
10209,2017,Quemchi,547,10209,10209,0.4164356461500372,0.20322162
10210,1982,Quinchao,550,10210,10210,0.6175964,0.6264597
10210,1992,Quinchao,550,10210,10210,0.61015825,0.32060052
10210,2002,Quinchao,550,10210,10210,0.6557219,0.21974356
10210,2017,Quinchao,550,10210,10210,0.4178060764739567,0.2695973
10301,1982,Osorno,525,10301,10301,0.6222439,0.6312779
10301,1992,Osorno,525,10301,10301,0.65877573,0.36031324
10301,2002,Osorno,525,10301,10301,0.64401394,0.19914023
10301,2017,Osorno,525,10301,10301,0.4165568791360268,0.08518271
10302,1982,Puerto Octay,528,10302,10302,0.6236581,0.586287
10302,1992,Puerto Octay,528,10302,10302,0.65184723,0.31239175
10302,2002,Puerto Octay,528,10302,10302,0.63959852,0.21078894
10302,2017,Puerto Octay,528,10302,10302,0.4062416002047254,0.13996886
10303,1982,Purranque,529,10303,10303,0.6311141,0.6170787
10303,1992,Purranque,529,10303,10303,0.64889454,0.42094449
10303,2002,Purranque,529,10303,10303,0.62893656,0.22640525
10303,2017,Purranque,529,10303,10303,0.4013520292056117,0.1123131
10304,1982,Puyehue,527,10304,10304,0.6250479,0.612378
10304,1992,Puyehue,527,10304,10304,0.62564697,0.38425722
10304,2002,Puyehue,527,10304,10304,0.61125887,0.2095424
10304,2017,Puyehue,527,10304,10304,0.3911705601978948,0.12191193
10305,1982,Río Negro,530,10305,10305,0.6087875,0.5946143
10305,1992,Río Negro,530,10305,10305,0.63836673,0.3888083
10305,2002,Río Negro,530,10305,10305,0.62170625,0.21036224
10305,2017,Río Negro,530,10305,10305,0.4009005392902637,0.15314492
10306,1982,San Juan de la Costa,531,10306,10306,0.6000186,0.6347286
10306,1992,San Juan de la Costa,531,10306,10306,0.61539271,0.41464475
10306,2002,San Juan de la Costa,531,10306,10306,0.60056681,0.23667684
10306,2017,San Juan de la Costa,531,10306,10306,0.4051160294361981,0.32140196
10307,1982,San Pablo,526,10307,10307,0.609328,0.6137895
10307,1992,San Pablo,526,10307,10307,0.62441935,0.38244815
10307,2002,San Pablo,526,10307,10307,0.61571879,0.21867046
10307,2017,San Pablo,526,10307,10307,0.4127614073844348,0.16609207
10401,1982,Chaitén,560,10401,10401,0.5878894,0.647733
10401,1992,Chaitén,560,10401,10401,0.61382793,0.38901607
10401,2002,Chaitén,560,10401,10401,0.62357545,0.20545268
10401,2017,Chaitén,560,10401,10401,0.428734131499229,0.12169462
10402,1982,Futaleufú,562,10402,10402,0.6273357,0.5993255
10402,1992,Futaleufú,562,10402,10402,0.61815254,0.3680065
10402,2002,Futaleufú,562,10402,10402,0.62601684,0.20169817
10402,2017,Futaleufú,562,10402,10402,0.4067898312239023,0.10714858
10403,1982,Hualaihué,561,10403,10403,0.5884305,0.6836319
10403,1992,Hualaihué,561,10403,10403,0.61127139,0.36464332
10403,2002,Hualaihué,561,10403,10403,0.60609552,0.21724667
10403,2017,Hualaihué,561,10403,10403,0.4047330996259427,0.16991809
10404,1982,Palena,563,10404,10404,0.6234794,0.4717533
10404,1992,Palena,563,10404,10404,0.66109277,0.3094358
10404,2002,Palena,563,10404,10404,0.6230007,0.15653464
10404,2017,Palena,563,10404,10404,0.423248842080788,0.09957714
11101,1982,Coyhaique,565,11101,11101,0.6483113,0.4884678
11101,1992,Coyhaique,565,11101,11101,0.65446125,0.316269
11101,2002,Coyhaique,565,11101,11101,0.63990863,0.13826545
11101,2017,Coyhaique,565,11101,11101,0.41078742926252,0.02783752
11102,1982,Lago Verde,566,11102,11102,0.6174853,0.4510197
11102,1992,Lago Verde,566,11102,11102,0.64653212,0.28531603
11102,2002,Lago Verde,566,11102,11102,0.62029728,0.1238115
11102,2017,Lago Verde,566,11102,11102,0.4042488587249937,0.12039172
11201,1982,Aysén,570,11201,11201,0.6137137,0.4818234
11201,1992,Aysén,570,11201,11201,0.63539112,0.31421998
11201,2002,Aysén,570,11201,11201,0.62102681,0.15904626
11201,2017,Aysén,570,11201,11201,0.3908628826352414,0.06808502
11202,1982,Cisnes,571,11202,11202,0.6256326,0.4283313
11202,1992,Cisnes,571,11202,11202,0.63892706,0.28687534
11202,2002,Cisnes,571,11202,11202,0.62478662,0.13228646
11202,2017,Cisnes,571,11202,11202,0.4178854592569281,0.06501931
11203,1982,Guaitecas,572,11203,11203,0.5948784,0.4411476
11203,1992,Guaitecas,572,11203,11203,0.60121655,0.18874242
11203,2002,Guaitecas,572,11203,11203,0.60365774,0.21104715
11203,2017,Guaitecas,572,11203,11203,0.382372110520864,0.12203723
11301,1982,Cochrane,580,11301,11301,0.6269954,0.474462
11301,1992,Cochrane,580,11301,11301,0.64675177,0.35940858
11301,2002,Cochrane,580,11301,11301,0.62367481,0.18288244
11301,2017,Cochrane,580,11301,11301,0.3940921594739643,0.05884153
11302,1982,O'Higgins,581,11302,11302,0.6241981,0.3034646
11302,1992,O'Higgins,581,11302,11302,0.60969202,0.25434461
11302,2002,O'Higgins,581,11302,11302,0.60567575,0.086486
11302,2017,O'Higgins,581,11302,11302,0.436017110827632,0.08205023
11303,1982,Tortel,582,11303,11303,0.6218911,0.3464097
11303,1992,Tortel,582,11303,11303,0.68479041,0.45402408
11303,2002,Tortel,582,11303,11303,0.63566012,0.15858246
11303,2017,Tortel,582,11303,11303,0.4722842751303002,0.14457947
11401,1982,Chile Chico,575,11401,11401,0.6376457,0.5708922
11401,1992,Chile Chico,575,11401,11401,0.6516537,0.30907556
11401,2002,Chile Chico,575,11401,11401,0.6203069,0.157013
11401,2017,Chile Chico,575,11401,11401,0.4190611117820952,0.05257007
11402,1982,Río Ibáñez,576,11402,11402,0.6163367,0.5289969
11402,1992,Río Ibáñez,576,11402,11402,0.64810323,0.28032696
11402,2002,Río Ibáñez,576,11402,11402,0.61280415,0.14766538
11402,2017,Río Ibáñez,576,11402,11402,0.4361923242540552,0.06549319
12101,1982,Punta Arenas,590,12101,12101,0.6111174,0.3521568
12101,1992,Punta Arenas,590,12101,12101,0.63668619,0.23816703
12101,2002,Punta Arenas,590,12101,12101,0.61730911,0.10465675
12101,2017,Punta Arenas,590,12101,12101,0.3672022939302068,0.02074918
12102,1982,Laguna Blanca,592,12102,12102,0.6090294,0.1274358
12102,1992,Laguna Blanca,592,12102,12102,0.69301915,0.17053523
12102,2002,Laguna Blanca,592,12102,12102,0.6133319,0.0659193
12102,2017,Laguna Blanca,592,12102,12102,0.443125581591316,0.02925657
12103,1982,Río Verde,591,12103,12103,0.6032189,0.126284
12103,1992,Río Verde,591,12103,12103,0.66085325,0.05236514
12103,2002,Río Verde,591,12103,12103,0.62410663,0.05067696
12103,2017,Río Verde,591,12103,12103,0.4572844473674979,0.00715318
12104,1982,San Gregorio,593,12104,12104,0.6093495,0.1141503
12104,1992,San Gregorio,593,12104,12104,0.66707226,0.07086622
12104,2002,San Gregorio,593,12104,12104,0.59990394,0.05853444
12104,2017,San Gregorio,593,12104,12104,0.398367234772103,0.01344931
12201,1982,Cabo de Hornos,600,12201,12201,0.60276,0.2893793
12201,1992,Cabo de Hornos,600,12201,12201,0.60980724,0.2913603
12201,2002,Cabo de Hornos,600,12201,12201,0.59419747,0.1198861
12201,2017,Cabo de Hornos,600,12201,12201,0.3660842568284828,0.02946632
12202,1982,Antártica,601,12202,12202,,
12202,1992,Antártica,601,12202,12202,0.55617205,0.09494901
12202,2002,Antártica,601,12202,12202,0.54192799,0.01742059
12202,2017,Antártica,601,12202,12202,0.2903937682093732,33.74999999999999
12301,1982,Porvenir,595,12301,12301,0.6055699,0.3727156
12301,1992,Porvenir,595,12301,12301,0.67626107,0.27537404
12301,2002,Porvenir,595,12301,12301,0.62106746,0.10899779
12301,2017,Porvenir,595,12301,12301,0.3778198799816317,0.02104077
12302,1982,Primavera,596,12302,12302,0.608799,0.073025
12302,1992,Primavera,596,12302,12302,0.62452481,0.07714854
12302,2002,Primavera,596,12302,12302,0.60577563,0.06500497
12302,2017,Primavera,596,12302,12302,0.4373372654616591,0.0232769
12303,1982,Timaukel,597,12303,12303,0.5919572,0.1472406
12303,1992,Timaukel,597,12303,12303,0.68043259,0.20844279
12303,2002,Timaukel,597,12303,12303,0.57955655,0.05010107
12303,2017,Timaukel,597,12303,12303,0.4364562017237828,0.00403033
12401,1982,Natales,585,12401,12401,0.618533,0.53729
12401,1992,Natales,585,12401,12401,0.62721304,0.3279684
12401,2002,Natales,585,12401,12401,0.61560817,0.15901227
12401,2017,Natales,585,12401,12401,0.3743154192863333,0.02325635
12402,1982,Torres del Paine,586,12402,12402,0.5934682,0.1395399
12402,1992,Torres del Paine,586,12402,12402,0.6414668,0.06143488
12402,2002,Torres del Paine,586,12402,12402,0.59718794,0.05550188
12402,2017,Torres del Paine,586,12402,12402,0.4340998922541071,0.00317063
13101,1982,Santiago,605,13101,13101,0.6148095,0.4120666
13101,1992,Santiago,605,13101,13101,0.64902589,0.19405277
13101,2002,Santiago,605,13101,13101,0.62294158,0.07615803
13101,2017,Santiago,605,13101,13101,0.4087986114268591,0.04084826
13102,1982,Cerrillos,629,13102,13102,0.5833079,0.5208768
13102,1992,Cerrillos,629,13102,13102,0.6381945,0.33621255
13102,2002,Cerrillos,629,13102,13102,0.61252173,0.15559478
13102,2017,Cerrillos,629,13102,13102,0.3675441409004458,0.06476164
13103,1982,Cerro Navia,634,13103,13103,0.5653915,0.6539543
13103,1992,Cerro Navia,634,13103,13103,0.61677746,0.40703427
13103,2002,Cerro Navia,634,13103,13103,0.59341878,0.20135567
13103,2017,Cerro Navia,634,13103,13103,0.3561086101036867,0.07585763
13104,1982,Conchalí,607,13104,13104,0.5844129,0.5684121
13104,1992,Conchalí,607,13104,13104,0.62250841,0.34525274
13104,2002,Conchalí,607,13104,13104,0.60089323,0.16105049
13104,2017,Conchalí,607,13104,13104,0.3630921257762262,0.07432021
13105,1982,El Bosque,625,13105,13105,0.5949355,0.5850971
13105,1992,El Bosque,625,13105,13105,0.62574368,0.36477142
13105,2002,El Bosque,625,13105,13105,0.60507414,0.18834758
13105,2017,El Bosque,625,13105,13105,0.3618385559162079,0.09584064
13106,1982,Estación Central,628,13106,13106,0.5929094,0.5252522
13106,1992,Estación Central,628,13106,13106,0.6372345,0.30011568
13106,2002,Estación Central,628,13106,13106,0.61090955,0.12738152
13106,2017,Estación Central,628,13106,13106,0.3872107374775706,0.05806934
13107,1982,Huechuraba,608,13107,13107,0.5801581,0.6660829
13107,1992,Huechuraba,608,13107,13107,0.61418984,0.37974629
13107,2002,Huechuraba,608,13107,13107,0.63224627,0.16836046
13107,2017,Huechuraba,608,13107,13107,0.3839202700470743,0.05638061
13108,1982,Independencia,606,13108,13108,0.5985667,0.4484131
13108,1992,Independencia,606,13108,13108,0.63122072,0.25128043
13108,2002,Independencia,606,13108,13108,0.60656025,0.12678131
13108,2017,Independencia,606,13108,13108,0.3782109713261525,0.08502842
13109,1982,La Cisterna,624,13109,13109,0.5993416,0.461255
13109,1992,La Cisterna,624,13109,13109,0.63713907,0.26984486
13109,2002,La Cisterna,624,13109,13109,0.61327159,0.11901361
13109,2017,La Cisterna,624,13109,13109,0.3722551431820226,0.06596486
13110,1982,La Florida,618,13110,13110,0.5966749,0.4933593
13110,1992,La Florida,618,13110,13110,0.62534554,0.28297509
13110,2002,La Florida,618,13110,13110,0.61272468,0.12138372
13110,2017,La Florida,618,13110,13110,0.371383267297283,0.04498058
13111,1982,La Granja,620,13111,13111,0.5795658,0.6122828
13111,1992,La Granja,620,13111,13111,0.61566603,0.37532061
13111,2002,La Granja,620,13111,13111,0.59608781,0.18951685
13111,2017,La Granja,620,13111,13111,0.3608669098259356,0.04751198
13112,1982,La Pintana,621,13112,13112,0.5850836,0.6681876
13112,1992,La Pintana,621,13112,13112,0.60459452,0.40887838
13112,2002,La Pintana,621,13112,13112,0.59246778,0.22218335
13112,2017,La Pintana,621,13112,13112,0.3576440497550638,0.14142132
13113,1982,La Reina,615,13113,13113,0.618863,0.2641179
13113,1992,La Reina,615,13113,13113,0.64276161,0.12063965
13113,2002,La Reina,615,13113,13113,0.62158182,0.04439476
13113,2017,La Reina,615,13113,13113,0.3917503998240127,0.00985902
13114,1982,Las Condes,613,13114,13114,0.6095642,0.1411817
13114,1992,Las Condes,613,13114,13114,0.64413914,0.08330434
13114,2002,Las Condes,613,13114,13114,0.60808347,0.02118711
13114,2017,Las Condes,613,13114,13114,0.4064513718562448,0.00190685
13115,1982,Lo Barnechea,612,13115,13115,0.6550017,0.5247481
13115,1992,Lo Barnechea,612,13115,13115,0.67936653,0.20570656
13115,2002,Lo Barnechea,612,13115,13115,0.63846727,0.04882693
13115,2017,Lo Barnechea,612,13115,13115,0.3945521865050646,0.02842101
13116,1982,Lo Espejo,627,13116,13116,0.571321,0.6225296
13116,1992,Lo Espejo,627,13116,13116,0.61679447,0.39465299
13116,2002,Lo Espejo,627,13116,13116,0.59073252,0.20632237
13116,2017,Lo Espejo,627,13116,13116,0.3572843079928112,0.06686568
13117,1982,Lo Prado,632,13117,13117,0.5875851,0.5744293
13117,1992,Lo Prado,632,13117,13117,0.62575018,0.31422053
13117,2002,Lo Prado,632,13117,13117,0.60303005,0.15979788
13117,2017,Lo Prado,632,13117,13117,0.3619763510057023,0.05778872
13118,1982,Macul,616,13118,13118,0.6114283,0.4405894
13118,1992,Macul,616,13118,13118,0.63827568,0.2366241
13118,2002,Macul,616,13118,13118,0.61765527,0.09757716
13118,2017,Macul,616,13118,13118,0.3797007521081014,0.07454475
13119,1982,Maipú,630,13119,13119,0.5951427,0.4735779
13119,1992,Maipú,630,13119,13119,0.61563528,0.26194881
13119,2002,Maipú,630,13119,13119,0.60009532,0.11871866
13119,2017,Maipú,630,13119,13119,0.3576066893138088,0.02569542
13120,1982,Ñuñoa,614,13120,13120,0.6188646,0.2809245
13120,1992,Ñuñoa,614,13120,13120,0.63253603,0.1279758
13120,2002,Ñuñoa,614,13120,13120,0.61160345,0.04988627
13120,2017,Ñuñoa,614,13120,13120,0.389552601957374,0.00898452
13121,1982,Pedro Aguirre Cerda,626,13121,13121,0.5794429,0.5600354
13121,1992,Pedro Aguirre Cerda,626,13121,13121,0.62576506,0.32853712
13121,2002,Pedro Aguirre Cerda,626,13121,13121,0.59887531,0.16135029
13121,2017,Pedro Aguirre Cerda,626,13121,13121,0.3620722518662907,0.06211479
13122,1982,Peñalolén,617,13122,13122,0.6015942,0.6314315
13122,1992,Peñalolén,617,13122,13122,0.62779759,0.35270204
13122,2002,Peñalolén,617,13122,13122,0.63129607,0.14277219
13122,2017,Peñalolén,617,13122,13122,0.3770040159248665,0.04369371
13123,1982,Providencia,610,13123,13123,0.6136642,0.1466078
13123,1992,Providencia,610,13123,13123,0.6397382,0.06023819
13123,2002,Providencia,610,13123,13123,0.60837747,0.0202333
13123,2017,Providencia,610,13123,13123,0.4094706471330105,0.00431632
13124,1982,Pudahuel,633,13124,13124,0.5535538,0.6191295
13124,1992,Pudahuel,633,13124,13124,0.61444546,0.36049003
13124,2002,Pudahuel,633,13124,13124,0.60242186,0.16228992
13124,2017,Pudahuel,633,13124,13124,0.3602028868251802,0.08245532
13125,1982,Quilicura,636,13125,13125,0.6003879,0.5991415
13125,1992,Quilicura,636,13125,13125,0.61816734,0.36623563
13125,2002,Quilicura,636,13125,13125,0.60640604,0.14203551
13125,2017,Quilicura,636,13125,13125,0.3580234812858311,0.05682917
13126,1982,Quinta Normal,631,13126,13126,0.5948488,0.5374113
13126,1992,Quinta Normal,631,13126,13126,0.63326324,0.30446006
13126,2002,Quinta Normal,631,13126,13126,0.60470096,0.1472899
13126,2017,Quinta Normal,631,13126,13126,0.3663591011010991,0.0372703
13127,1982,Recoleta,609,13127,13127,0.6026267,0.5540634
13127,1992,Recoleta,609,13127,13127,0.6381232,0.32007406
13127,2002,Recoleta,609,13127,13127,0.61167977,0.16508584
13127,2017,Recoleta,609,13127,13127,0.3850664141926056,0.06894474
13128,1982,Renca,635,13128,13128,0.5771797,0.6186006
13128,1992,Renca,635,13128,13128,0.61622561,0.37188332
13128,2002,Renca,635,13128,13128,0.59718975,0.18573442
13128,2017,Renca,635,13128,13128,0.3586697630887209,0.03729648
13129,1982,San Joaquín,619,13129,13129,0.5946165,0.533543
13129,1992,San Joaquín,619,13129,13129,0.62504839,0.29850522
13129,2002,San Joaquín,619,13129,13129,0.60460023,0.14013082
13129,2017,San Joaquín,619,13129,13129,0.3674886201516975,0.05238959
13130,1982,San Miguel,623,13130,13130,0.6197917,0.4234565
13130,1992,San Miguel,623,13130,13130,0.64862746,0.22698603
13130,2002,San Miguel,623,13130,13130,0.62296788,0.09033798
13130,2017,San Miguel,623,13130,13130,0.380541784263569,0.04846963
13131,1982,San Ramón,622,13131,13131,0.5771497,0.6335117
13131,1992,San Ramón,622,13131,13131,0.62142157,0.38715379
13131,2002,San Ramón,622,13131,13131,0.59947766,0.18000541
13131,2017,San Ramón,622,13131,13131,0.3598357891195692,0.04602968
13132,1982,Vitacura,611,13132,13132,0.6000531,0.1054448
13132,1992,Vitacura,611,13132,13132,0.62311487,0.04542588
13132,2002,Vitacura,611,13132,13132,0.59946154,0.00898156
13132,2017,Vitacura,611,13132,13132,0.4217883893871043,0.00134706
13201,1982,Puente Alto,645,13201,13201,0.5927958,0.6133231
13201,1992,Puente Alto,645,13201,13201,0.61617493,0.3172213
13201,2002,Puente Alto,645,13201,13201,0.60196782,0.13660187
13201,2017,Puente Alto,645,13201,13201,0.3601322702434917,0.07293881
13202,1982,Pirque,647,13202,13202,0.6216282,0.4454155
13202,1992,Pirque,647,13202,13202,0.65698579,0.28621486
13202,2002,Pirque,647,13202,13202,0.65305418,0.11010018
13202,2017,Pirque,647,13202,13202,0.4358746733857906,0.04745061
13203,1982,San José de Maipo,646,13203,13203,0.6261775,0.5520276
13203,1992,San José de Maipo,646,13203,13203,0.67471017,0.36479102
13203,2002,San José de Maipo,646,13203,13203,0.64190285,0.13670467
13203,2017,San José de Maipo,646,13203,13203,0.4193950395256964,0.05990317
13301,1982,Colina,640,13301,13301,0.5544729,0.572952
13301,1992,Colina,640,13301,13301,0.62382095,0.33520029
13301,2002,Colina,640,13301,13301,0.65111729,0.18976802
13301,2017,Colina,640,13301,13301,0.4498211851412962,0.06395853
13302,1982,Lampa,641,13302,13302,0.5641381,0.5885394
13302,1992,Lampa,641,13302,13302,0.63491512,0.37087365
13302,2002,Lampa,641,13302,13302,0.63875603,0.20228047
13302,2017,Lampa,641,13302,13302,0.4022313952080415,0.03607469
13303,1982,Tiltil,642,13303,13303,0.6050098,0.4970064
13303,1992,Tiltil,642,13303,13303,0.63408544,0.33183891
13303,2002,Tiltil,642,13303,13303,0.60356508,0.16550337
13303,2017,Tiltil,642,13303,13303,0.3950145892122327,0.0679488
13401,1982,San Bernardo,650,13401,13401,0.5949077,0.6283776
13401,1992,San Bernardo,650,13401,13401,0.63332963,0.32784825
13401,2002,San Bernardo,650,13401,13401,0.618666,0.17167677
13401,2017,San Bernardo,650,13401,13401,0.3735220730364777,0.09424567
13402,1982,Buin,651,13402,13402,0.548997,0.5902529
13402,1992,Buin,651,13402,13402,0.64632479,0.37360091
13402,2002,Buin,651,13402,13402,0.62788687,0.18020258
13402,2017,Buin,651,13402,13402,0.3868276539272784,0.08040875
13403,1982,Calera de Tango,653,13403,13403,0.5505235,0.5260054
13403,1992,Calera de Tango,653,13403,13403,0.64598883,0.28111354
13403,2002,Calera de Tango,653,13403,13403,0.66744697,0.11740526
13403,2017,Calera de Tango,653,13403,13403,0.450313848199422,0.03529564
13404,1982,Paine,652,13404,13404,0.5810848,0.5869437
13404,1992,Paine,652,13404,13404,0.63333291,0.34635097
13404,2002,Paine,652,13404,13404,0.62221757,0.16554789
13404,2017,Paine,652,13404,13404,0.4048371650345921,0.04239802
13501,1982,Melipilla,660,13501,13501,0.5947171,0.5232326
13501,1992,Melipilla,660,13501,13501,0.64129072,0.36220773
13501,2002,Melipilla,660,13501,13501,0.62126622,0.16887163
13501,2017,Melipilla,660,13501,13501,0.3776250208445952,0.05167612
13502,1982,Alhué,663,13502,13502,0.6178035,0.5298697
13502,1992,Alhué,663,13502,13502,0.62380842,0.32719439
13502,2002,Alhué,663,13502,13502,0.6058476,0.20780737
13502,2017,Alhué,663,13502,13502,0.3775646133258486,0.06712937
13503,1982,Curacaví,662,13503,13503,0.6054254,0.5238749
13503,1992,Curacaví,662,13503,13503,0.64473793,0.34914334
13503,2002,Curacaví,662,13503,13503,0.63507859,0.17344557
13503,2017,Curacaví,662,13503,13503,0.412456609722179,0.07438832
13504,1982,María Pinto,661,13504,13504,0.5988985,0.4647852
13504,1992,María Pinto,661,13504,13504,0.62038569,0.35626457
13504,2002,María Pinto,661,13504,13504,0.5994467,0.19258635
13504,2017,María Pinto,661,13504,13504,0.3851376130997622,0.10800503
13505,1982,San Pedro,664,13505,13505,0.6010715,0.4677532
13505,1992,San Pedro,664,13505,13505,0.62078812,0.35589187
13505,2002,San Pedro,664,13505,13505,0.59923207,0.15924694
13505,2017,San Pedro,664,13505,13505,0.3624081549446547,0.09271245
13601,1982,Talagante,670,13601,13601,0.6030748,0.9817968
13601,1992,Talagante,670,13601,13601,0.63683784,0.32765691
13601,2002,Talagante,670,13601,13601,0.63554865,0.16402715
13601,2017,Talagante,670,13601,13601,0.4213654046595292,0.0370787
13602,1982,El Monte,673,13602,13602,0.5861337,0.9791208
13602,1992,El Monte,673,13602,13602,0.64151215,0.36133985
13602,2002,El Monte,673,13602,13602,0.61261103,0.19210589
13602,2017,El Monte,673,13602,13602,0.3733804891048109,0.08728387
13603,1982,Isla de Maipo,672,13603,13603,0.6175246,0.9913813
13603,1992,Isla de Maipo,672,13603,13603,0.64221675,0.4165262
13603,2002,Isla de Maipo,672,13603,13603,0.62203265,0.18814288
13603,2017,Isla de Maipo,672,13603,13603,0.3919883707470862,0.08332956
13604,1982,Padre Hurtado,674,13604,13604,0.5892185,0.9796345
13604,1992,Padre Hurtado,674,13604,13604,0.62715915,0.40438497
13604,2002,Padre Hurtado,674,13604,13604,0.60925591,0.17346491
13604,2017,Padre Hurtado,674,13604,13604,0.3748877784722048,0.08775394
13605,1982,Peñaflor,671,13605,13605,0.5892185,0.9796345
13605,1992,Peñaflor,671,13605,13605,0.63024618,0.32523726
13605,2002,Peñaflor,671,13605,13605,0.61659869,0.15609624
13605,2017,Peñaflor,671,13605,13605,0.3773625612914353,0.04890097
14101,1982,Valdivia,510,10501,10501,0.6082935,0.6476231
14101,1992,Valdivia,510,10501,10501,0.63967171,0.35819711
14101,2002,Valdivia,510,10501,10501,0.63842371,0.16896067
14101,2017,Valdivia,510,10501,10501,0.3854857219101334,0.07639297
14102,1982,Corral,515,10502,10502,0.5953032,0.6805819
14102,1992,Corral,515,10502,10502,0.62257543,0.40391651
14102,2002,Corral,515,10502,10502,0.61775633,0.26343
14102,2017,Corral,515,10502,10502,0.3540390354767075,0.23147843
14103,1982,Lanco,512,10506,10506,0.622588,0.7059976
14103,1992,Lanco,512,10506,10506,0.62749617,0.36585038
14103,2002,Lanco,512,10506,10506,0.61920622,0.25916113
14103,2017,Lanco,512,10506,10506,0.3756324187395713,0.19184744
14104,1982,Los Lagos,513,10507,10507,0.6198729,0.6739492
14104,1992,Los Lagos,513,10507,10507,0.63949931,0.35870706
14104,2002,Los Lagos,513,10507,10507,0.61441361,0.24950081
14104,2017,Los Lagos,513,10507,10507,0.3826009239387473,0.15490136
14105,1982,Máfil,516,10508,10508,0.6136667,0.6517915
14105,1992,Máfil,516,10508,10508,0.6435178,0.33534428
14105,2002,Máfil,516,10508,10508,0.61865167,0.21977
14105,2017,Máfil,516,10508,10508,0.372604395906726,0.12555116
14106,1982,Mariquina,511,10509,10509,0.6107145,0.660997
14106,1992,Mariquina,511,10509,10509,0.62852915,0.30972872
14106,2002,Mariquina,511,10509,10509,0.62294866,0.24760672
14106,2017,Mariquina,511,10509,10509,0.3937244470265239,0.15628272
14107,1982,Paillaco,519,10510,10510,0.6205591,0.6677732
14107,1992,Paillaco,519,10510,10510,0.64262063,0.36847849
14107,2002,Paillaco,519,10510,10510,0.60935404,0.25450505
14107,2017,Paillaco,519,10510,10510,0.3724350374970938,0.19127224
14108,1982,Panguipulli,517,10511,10511,0.6276035,0.696174
14108,1992,Panguipulli,517,10511,10511,0.63453005,0.34079389
14108,2002,Panguipulli,517,10511,10511,0.63068009,0.25029769
14108,2017,Panguipulli,517,10511,10511,0.3873151914143326,0.14695453
14201,1982,La Unión,518,10504,10504,0.6310129,0.6571527
14201,1992,La Unión,518,10504,10504,0.63841422,0.35172304
14201,2002,La Unión,518,10504,10504,0.6272041,0.21462032
14201,2017,La Unión,518,10504,10504,0.3794572667119679,0.1334944
14202,1982,Futrono,514,10503,10503,0.6200433,0.6875875
14202,1992,Futrono,514,10503,10503,0.63631718,0.34335013
14202,2002,Futrono,514,10503,10503,0.62589047,0.27541991
14202,2017,Futrono,514,10503,10503,0.3845615292754632,0.14073058
14203,1982,Lago Ranco,521,10505,10505,0.5998424,0.6753866
14203,1992,Lago Ranco,521,10505,10505,0.61527406,0.29437862
14203,2002,Lago Ranco,521,10505,10505,0.61686042,0.27419552
14203,2017,Lago Ranco,521,10505,10505,0.3812691257153378,0.14616602
14204,1982,Río Bueno,520,10512,10512,0.6268879,0.6469144
14204,1992,Río Bueno,520,10512,10512,0.64733732,0.32297682
14204,2002,Río Bueno,520,10512,10512,0.63186164,0.25117976
14204,2017,Río Bueno,520,10512,10512,0.3858428369849856,0.16441624
15101,1982,Arica,201,1201,1201,0.6185104,0.9902816
15101,1992,Arica,201,1201,1201,0.63521862,0.50721004
15101,2002,Arica,201,1201,1201,0.62262112,0.18112023
15101,2017,Arica,201,1201,1201,0.3670146350088352,0.08343243
15102,1982,Camarones,202,1202,1202,0.6431535,1.0
15102,1992,Camarones,202,1202,1202,0.68560087,0.35235398
15102,2002,Camarones,202,1202,1202,0.63085135,0.16651163
15102,2017,Camarones,202,1202,1202,0.4587979608292837,0.08799863
15201,1982,Putre,205,1301,1301,0.618731,0.4881554
15201,1992,Putre,205,1301,1301,0.67909789,0.48733275
15201,2002,Putre,205,1301,1301,0.80675176,0.57201056
15201,2017,Putre,205,1301,1301,0.460866135992053,0.14501979
15202,1982,General Lagos,206,1302,1302,0.6219887,0.4931641
15202,1992,General Lagos,206,1302,1302,0.67294872,0.49857222
15202,2002,General Lagos,206,1302,1302,0.63795034,0.21013023
15202,2017,General Lagos,206,1302,1302,0.5166131750440031,0.20996549
16101,1982,Chillán,415,8401,8401,0.6293258,0.6026158
16101,1992,Chillán,415,8401,8401,0.6464612,0.41406275
16101,2002,Chillán,415,8401,8401,0.63951492,0.21550644
16101,2017,Chillán,415,8401,8401,0.3946876132229896,0.11666087
16102,1982,Bulnes,425,8402,8402,0.6148178,0.6118466
16102,1992,Bulnes,425,8402,8402,0.642964,0.4640873
16102,2002,Bulnes,425,8402,8402,0.61514057,0.25699954
16102,2017,Bulnes,425,8402,8402,0.3730183203168638,0.14880693
16103,1982,Chillán Viejo,435,8406,8406,0.6293258,0.6026158
16103,1992,Chillán Viejo,435,8406,8406,0.64809023,0.40310981
16103,2002,Chillán Viejo,435,8406,8406,0.62322532,0.22419278
16103,2017,Chillán Viejo,435,8406,8406,0.3749633847807473,0.19102634
16104,1982,El Carmen,422,8407,8407,0.594349,0.6152332
16104,1992,El Carmen,422,8407,8407,0.62799791,0.38635798
16104,2002,El Carmen,422,8407,8407,0.60813051,0.23664796
16104,2017,El Carmen,422,8407,8407,0.3538165398262793,0.28766531
16105,1982,Pemuco,424,8410,8410,0.6043736,0.6496016
16105,1992,Pemuco,424,8410,8410,0.63204838,0.51026397
16105,2002,Pemuco,424,8410,8410,0.59207954,0.28599405
16105,2017,Pemuco,424,8410,8410,0.36665740019989,0.23840729
16106,1982,Pinto,420,8411,8411,0.6043966,0.5900562
16106,1992,Pinto,420,8411,8411,0.6382279,0.45352338
16106,2002,Pinto,420,8411,8411,0.60545401,0.28575785
16106,2017,Pinto,420,8411,8411,0.3739712445113775,0.25063218
16107,1982,Quillón,426,8413,8413,0.6110561,0.5836762
16107,1992,Quillón,426,8413,8413,0.64629917,0.45399523
16107,2002,Quillón,426,8413,8413,0.60846919,0.26600881
16107,2017,Quillón,426,8413,8413,0.3795841015312034,0.16656863
16108,1982,San Ignacio,421,8418,8418,0.5959432,0.6062331
16108,1992,San Ignacio,421,8418,8418,0.63313695,0.36838671
16108,2002,San Ignacio,421,8418,8418,0.5967955,0.27745831
16108,2017,San Ignacio,421,8418,8418,0.3502665976691426,0.24871311
16109,1982,Yungay,423,8421,8421,0.6283662,0.6302402
16109,1992,Yungay,423,8421,8421,0.63861688,0.42136043
16109,2002,Yungay,423,8421,8421,0.62153008,0.22544457
16109,2017,Yungay,423,8421,8421,0.3887047092424893,0.19379242
16201,1982,Quirihue,432,8414,8414,0.6032706,0.6173864
16201,1992,Quirihue,432,8414,8414,0.64352698,0.43009418
16201,2002,Quirihue,432,8414,8414,0.62394303,0.28319008
16201,2017,Quirihue,432,8414,8414,0.3627289525437425,0.18259972
16202,1982,Cobquecura,431,8403,8403,0.6022542,0.5794078
16202,1992,Cobquecura,431,8403,8403,0.64287746,0.39400888
16202,2002,Cobquecura,431,8403,8403,0.62235219,0.22404907
16202,2017,Cobquecura,431,8403,8403,0.3849234025767528,0.34175233
16203,1982,Coelemu,429,8404,8404,0.6320536,0.6485112
16203,1992,Coelemu,429,8404,8404,0.63717207,0.43177423
16203,2002,Coelemu,429,8404,8404,0.61784247,0.25412544
16203,2017,Coelemu,429,8404,8404,0.3713650595176201,0.18277766
16204,1982,Ninhue,433,8408,8408,0.5934625,0.5997332
16204,1992,Ninhue,433,8408,8408,0.61243564,0.4326531
16204,2002,Ninhue,433,8408,8408,0.59978052,0.35377197
16204,2017,Ninhue,433,8408,8408,0.3540921023498707,0.25342266
16205,1982,Portezuelo,428,8412,8412,0.5980919,0.6019354
16205,1992,Portezuelo,428,8412,8412,0.6378108,0.43516067
16205,2002,Portezuelo,428,8412,8412,0.6211333,0.31732255
16205,2017,Portezuelo,428,8412,8412,0.3637344353588052,0.18694311
16206,1982,Ránquil,427,8415,8415,0.5917165,0.5528221
16206,1992,Ránquil,427,8415,8415,0.63475332,0.39142546
16206,2002,Ránquil,427,8415,8415,0.60297625,0.24079744
16206,2017,Ránquil,427,8415,8415,0.3704671650106131,0.09504346
16207,1982,Treguaco,430,8420,8420,0.5964102,0.6041082
16207,1992,Treguaco,430,8420,8420,0.63527551,0.41153944
16207,2002,Treguaco,430,8420,8420,0.60276891,0.32458961
16207,2017,Treguaco,430,8420,8420,0.3554497660109131,0.2058784
16301,1982,San Carlos,416,8416,8416,0.6198382,0.5981066
16301,1992,San Carlos,416,8416,8416,0.65606018,0.45946217
16301,2002,San Carlos,416,8416,8416,0.62336644,0.26887602
16301,2017,San Carlos,416,8416,8416,0.3803181355466427,0.13799042
16302,1982,Coihueco,419,8405,8405,0.6085758,0.6079993
16302,1992,Coihueco,419,8405,8405,0.64026703,0.42465648
16302,2002,Coihueco,419,8405,8405,0.61342763,0.28618857
16302,2017,Coihueco,419,8405,8405,0.3686934313297249,0.22031088
16303,1982,Ñiquén,417,8409,8409,0.5923387,0.5776784
16303,1992,Ñiquén,417,8409,8409,0.62637967,0.41501975
16303,2002,Ñiquén,417,8409,8409,0.59609935,0.26213337
16303,2017,Ñiquén,417,8409,8409,0.3519460389065642,0.19943576
16304,1982,San Fabián,418,8417,8417,0.605056,0.6357301
16304,1992,San Fabián,418,8417,8417,0.64459256,0.4715417
16304,2002,San Fabián,418,8417,8417,0.62084728,0.27644794
16304,2017,San Fabián,418,8417,8417,0.3729284828275025,0.13765151
16305,1982,San Nicolás,434,8419,8419,0.5974134,0.5969921
16305,1992,San Nicolás,434,8419,8419,0.6290749,0.44703776
16305,2002,San Nicolás,434,8419,8419,0.59899044,0.28576338
16305,2017,San Nicolás,434,8419,8419,0.3715538523455916,0.14310729
