cut_2026,year,bonus_total_uf
01401,2009,1202.03
01401,2011,2958.97
01401,2012,3782.18
01401,2014,602.34
01401,2015,933.04
01401,2016,3344.95
01401,2017,257.81
01401,2018,1188.44
01401,2019,5367.87
01402,2007,7041.89
01402,2008,4244.63
01402,2010,2679.79
01402,2011,4798.07
01402,2013,10378.1
01402,2017,484.24
01402,2018,880.6499999999999
01403,1996,2092.6099999999997
01404,1996,1839.82
01404,2007,2432.47
01404,2008,6968.75
01404,2010,1231.8
01404,2011,2394.57
01404,2016,5828.91
01404,2017,5168.76
01404,2018,3180.64
01404,2019,3899.45
01405,1991,1667.44
01405,1993,619.19
01405,1994,1192.82
01405,1995,318.02
01405,2000,3905.13
01405,2003,5099.92
01405,2008,6403.35
01405,2009,402.9
01405,2011,160.98
01405,2012,7260.78
01405,2013,14440.81
01405,2014,15301.92
01405,2015,1973.33
01405,2017,2224.01
01405,2018,651.0799999999999
01405,2019,2441.12
02201,1994,5623.35
02201,2004,4241.37
02201,2005,2454.26
02201,2010,11404.69
02201,2015,1373.88
02201,2017,5548.37
02201,2018,5174.69
02201,2019,19590.21
02203,1993,4526.56
02203,1999,19799.44
02203,2002,32833.799999999996
02203,2003,1390.2
02203,2004,932.25
02203,2005,3422.77
02203,2006,2673.56
02203,2007,3623.81
02203,2008,6850.85
02203,2009,7957.4800000000005
02203,2010,4765.2699999999995
02203,2011,4471.2300000000005
02203,2015,6302.25
02203,2016,21895.81
02203,2017,10320.64
02203,2018,43872.19
02203,2019,29668.82
03101,1988,13104.36
03101,1989,1684.06
03101,1990,2679.16
03101,1995,2343.1800000000003
03101,1996,4823.28
03101,1997,912.74
03101,1998,724.5
03101,2001,1280.72
03101,2002,686.44
03101,2008,423.23
03101,2009,1885.48
03101,2010,797.88
03101,2011,3219.26
03101,2012,19867.03
03101,2013,19099.12
03101,2014,14367.509999999998
03101,2016,20474.22
03101,2017,49681.020000000004
03101,2018,4842.62
03101,2019,4993.32
03102,1988,1358.42
03102,1994,5230.85
03102,1995,2531.64
03102,1997,1861.02
03102,1998,753.4
03103,1987,22812.86
03103,1988,10471.54
03103,1989,10762.67
03103,1990,5597.8
03103,1991,4635.12
03103,1992,8716.5
03103,1993,4004.7799999999997
03103,1994,1850.09
03103,1995,2601.33
03103,1996,4345.43
03103,1998,2190.15
03103,2000,222.68
03103,2001,403.78
03103,2002,2832.04
03103,2003,3099.74
03103,2005,1280.49
03103,2006,843.86
03103,2009,13102.02
03103,2010,14421.650000000001
03103,2011,14328.72
03103,2013,6007.64
03103,2014,4201.15
03103,2015,7312.59
03103,2016,12635.99
03103,2017,31676.77
03103,2018,10473.960000000001
03103,2019,6233.82
03301,1991,337.52
03301,1996,921.02
03301,1997,3124.04
03301,1998,5609.33
03301,1999,22277.05
03301,2000,11350.130000000001
03301,2001,41671.08
03301,2002,15573.55
03301,2003,14460.91
03301,2004,29325.79
03301,2005,9534.029999999999
03301,2006,15563.4
03301,2007,7421.539999999999
03301,2008,3052.8900000000003
03301,2009,35265.19
03301,2010,41569.08
03301,2011,49394.55
03301,2012,10492.16
03301,2013,33188.54
03301,2014,49785.67
03301,2015,34838.34
03301,2016,11873.98
03301,2017,19453.39
03301,2018,121022.54
03301,2019,65220.27
03302,1995,4835.58
03302,1996,2742.1099999999997
03302,1997,1374.69
03302,1998,7587.5599999999995
03302,1999,9105.13
03302,2000,10415.78
03302,2001,3914.2400000000002
03302,2002,8804.15
03302,2003,9373.779999999999
03302,2004,31519.53
03302,2005,30334.96
03302,2006,8778.69
03302,2007,10300.5
03302,2008,6730.950000000001
03302,2009,17367.99
03302,2010,18561.55
03302,2011,16418.72
03302,2012,7297.2
03302,2013,9043.76
03302,2014,4641.75
03302,2015,3227.99
03302,2016,10119.53
03302,2017,12132.66
03302,2018,49019.630000000005
03302,2019,16953.83
03303,1998,1454.51
03303,1999,4312.96
03303,2000,1099.99
03303,2001,2240.88
03303,2002,1209.11
03303,2003,1390.75
03303,2004,282.19
03303,2005,3407.36
03303,2006,2587.57
03303,2007,3681.64
03303,2008,3324.49
03303,2009,921.5
03303,2011,26983.66
03303,2012,15349.68
03303,2013,16989.18
03303,2014,9901.61
03303,2015,8814.66
03303,2016,19017.1
03303,2017,11122.970000000001
03303,2018,20428.43
03303,2019,7066.91
03304,2002,1166.81
03304,2005,162.77
03304,2007,5466.849999999999
03304,2009,6263.82
03304,2011,5686.85
03304,2013,5041.97
03304,2019,3612.82
04101,1989,3095.89
04101,1991,990.14
04101,1992,1440.36
04101,1996,962.16
04101,1997,1392.23
04101,1998,3340.91
04101,1999,6213.75
04101,2000,157.19
04101,2001,1727.81
04101,2004,984.69
04101,2007,4877.13
04101,2008,7349.41
04101,2009,2075.04
04101,2010,18165.65
04101,2011,7084.4400000000005
04101,2012,19107.39
04101,2013,7493.64
04101,2014,10204.529999999999
04101,2015,45850.34
04101,2016,29934.35
04101,2017,81222.66
04101,2018,67211.86
04101,2019,94694.72
04102,1989,3908.25
04102,1990,447.3
04102,1991,659.77
04102,1992,5026.6
04102,1993,1633.08
04102,1994,3928.17
04102,1995,4007.3
04102,1997,1871.5
04102,1998,8894.58
04102,1999,2432.45
04102,2000,695.03
04102,2001,693.14
04102,2002,22595.879999999997
04102,2003,2112.62
04102,2004,7824.68
04102,2005,255.86
04102,2007,3646.81
04102,2008,3409.22
04102,2009,8947.279999999999
04102,2010,10426.580000000002
04102,2011,1466.35
04102,2012,2241.07
04102,2013,3843.08
04102,2014,6240.63
04102,2015,5551.73
04102,2016,8378.11
04102,2017,7316.51
04102,2018,5428.82
04102,2019,11464.39
04103,2010,511.07
04103,2011,1559.41
04103,2012,1070.11
04104,2008,550.47
04104,2009,5941.38
04104,2016,1863.73
04104,2018,690.4300000000001
04104,2019,308.76
04105,1989,2467.39
04105,1991,1691.35
04105,1994,863.75
04105,1996,638.53
04105,1998,754.01
04105,2001,302.41
04105,2003,1540.6599999999999
04105,2008,4815.36
04105,2009,5287.57
04105,2010,1953.66
04105,2011,1436.42
04105,2012,9076.869999999999
04105,2013,4669.63
04105,2014,7559.7300000000005
04105,2015,9526.99
04105,2016,9635.27
04105,2017,25074.190000000002
04105,2018,12362.21
04105,2019,12050.720000000001
04106,1988,925.08
04106,1989,2104.91
04106,1992,897.63
04106,1993,1009.82
04106,1994,892.77
04106,1995,4773.28
04106,1996,4215.83
04106,1997,4095.16
04106,1998,4965.83
04106,1999,3161.6800000000003
04106,2000,3904.62
04106,2001,1912.29
04106,2002,1483.04
04106,2003,2006.98
04106,2004,743.6
04106,2006,1003.42
04106,2007,8848.93
04106,2008,22898.95
04106,2009,8288.98
04106,2010,18556.75
04106,2011,6644.23
04106,2012,11139.740000000002
04106,2013,22142.57
04106,2014,50563.119999999995
04106,2015,47824.96
04106,2016,24659.85
04106,2017,21532.12
04106,2018,23341.43
04106,2019,26901.2
04201,1996,8981.08
04201,1997,2789.27
04201,1998,4927.389999999999
04201,1999,8490.91
04201,2000,2982.93
04201,2001,1831.77
04201,2002,10897.59
04201,2003,7349.36
04201,2004,8373.53
04201,2005,4057.79
04201,2006,3013.73
04201,2007,11218.78
04201,2008,4884.38
04201,2009,11489.7
04201,2010,21160.62
04201,2011,9079.05
04201,2012,9848.61
04201,2013,16983.14
04201,2014,19255.24
04201,2015,19630.84
04201,2016,44869.35
04201,2017,39713.16
04201,2018,25755.87
04201,2019,15239.84
04202,1993,4759.32
04202,1995,10025.869999999999
04202,1996,4675.38
04202,1997,667.17
04202,1999,1012.54
04202,2002,300.77
04202,2003,970.45
04202,2007,3603.51
04202,2008,4366.2
04202,2009,7405.88
04202,2010,10736.68
04202,2011,11312.39
04202,2012,6286.46
04202,2014,1508.57
04202,2015,2012.5900000000001
04202,2016,6817.4400000000005
04202,2017,1079.3899999999999
04202,2018,42.3
04202,2019,887.16
04203,1996,672.05
04203,1998,705.06
04203,2000,784.76
04203,2001,280.71
04203,2006,693.11
04203,2007,1879.2600000000002
04203,2008,585.06
04203,2009,1602.19
04203,2010,486.31
04203,2011,873.01
04203,2012,2287.2
04203,2013,3427.46
04203,2014,3670.17
04203,2016,550.95
04203,2017,319.98
04203,2018,860.41
04204,1995,2703.86
04204,1996,460.28
04204,1997,5750.17
04204,1998,3053.27
04204,1999,2231.76
04204,2000,12060.91
04204,2001,12339.37
04204,2002,26286.56
04204,2003,34996.85
04204,2004,20945.13
04204,2005,5118.34
04204,2006,55876.659999999996
04204,2007,64244.32
04204,2008,59719.77
04204,2009,121815.11
04204,2010,72133.31999999999
04204,2011,39090.04
04204,2012,11288.52
04204,2013,54656.91
04204,2014,51278.46
04204,2015,51687.25
04204,2016,72228.11
04204,2017,120155.22
04204,2018,28447.19
04204,2019,41826.45
04301,1988,5437.93
04301,1989,617.33
04301,1990,3648.5599999999995
04301,1991,5708.09
04301,1992,5586.860000000001
04301,1993,4736.98
04301,1994,4556.8099999999995
04301,1995,12140.269999999999
04301,1996,48810.369999999995
04301,1997,101237.68000000001
04301,1998,62765.63
04301,1999,56409.36
04301,2000,63538.560000000005
04301,2001,100069.65
04301,2002,112217.55
04301,2003,43237.81
04301,2004,49900.4
04301,2005,37049.73
04301,2006,72674.75
04301,2007,74902.03
04301,2008,72521.66
04301,2009,80747.6
04301,2010,64579.61
04301,2011,71132.88
04301,2012,61331.729999999996
04301,2013,69984.98
04301,2014,65772.92
04301,2015,93714.0
04301,2016,77560.16
04301,2017,119788.69
04301,2018,125139.72
04301,2019,103774.95
04302,1992,795.77
04302,1993,722.4
04302,1997,2550.91
04302,1998,7130.77
04302,1999,1729.8000000000002
04302,2000,1181.28
04302,2003,774.6800000000001
04302,2005,8100.39
04302,2007,6467.62
04302,2008,6836.97
04302,2009,11716.01
04302,2010,7859.75
04302,2011,10667.25
04302,2012,1977.47
04302,2013,3677.2
04302,2014,2277.86
04302,2015,7232.54
04302,2016,3534.32
04302,2017,12437.17
04302,2018,5076.44
04302,2019,825.82
04303,1988,19988.78
04303,1992,2964.2200000000003
04303,1993,493.89
04303,1994,637.44
04303,1995,10644.41
04303,1996,4720.2
04303,1997,10853.2
04303,1998,24625.0
04303,1999,2394.8399999999997
04303,2000,2356.74
04303,2001,5492.2
04303,2002,8496.68
04303,2003,18100.010000000002
04303,2004,21530.56
04303,2005,4799.050000000001
04303,2006,18421.93
04303,2007,22322.899999999998
04303,2008,15346.99
04303,2009,15373.43
04303,2010,20726.8
04303,2011,6673.71
04303,2012,20093.97
04303,2013,6567.85
04303,2014,27446.97
04303,2015,42196.25
04303,2016,47378.4
04303,2017,63260.06
04303,2018,24211.89
04303,2019,46418.11
04304,1988,13667.74
04304,1989,13863.79
04304,1990,2001.94
04304,1991,710.48
04304,1992,4418.17
04304,1993,2041.04
04304,1994,3570.77
04304,1995,1926.4
04304,1996,1881.5
04304,1997,1328.27
04304,1998,3075.23
04304,1999,6063.65
04304,2000,2057.36
04304,2001,2626.72
04304,2002,5795.77
04304,2003,7110.56
04304,2004,21392.35
04304,2005,10788.04
04304,2006,44896.82
04304,2007,19628.65
04304,2008,24389.68
04304,2009,42787.34
04304,2010,25942.05
04304,2011,14626.47
04304,2012,13339.72
04304,2013,23514.7
04304,2014,15873.4
04304,2015,28063.69
04304,2016,68017.68
04304,2017,76998.13
04304,2018,56200.84
04304,2019,34451.01
04305,1993,5955.1
04305,1996,8651.55
04305,1998,9453.460000000001
04305,2000,409.14
04305,2005,2695.02
04305,2006,1620.53
04305,2007,2114.99
04305,2008,1175.63
04305,2009,12317.03
04305,2010,685.14
04305,2011,502.63
04305,2012,463.49
04305,2013,1289.5
04305,2014,3186.24
04305,2015,5430.09
04305,2016,6375.03
04305,2017,2306.5
04305,2018,14279.45
04305,2019,19146.0
05101,1989,956.53
05101,2001,281.9
05101,2009,3628.11
05101,2012,816.36
05102,1987,1514.24
05102,1988,6821.57
05102,1989,18128.59
05102,1990,9569.85
05102,1991,10127.73
05102,1992,8166.32
05102,1993,12893.26
05102,1994,14410.369999999999
05102,1995,7817.55
05102,1996,17080.760000000002
05102,1997,11821.68
05102,1998,5480.1
05102,1999,4195.07
05102,2000,6731.76
05102,2002,2817.8199999999997
05102,2003,2805.24
05102,2004,1255.25
05102,2005,1857.01
05102,2006,7560.8
05102,2007,6895.4400000000005
05102,2008,6046.72
05102,2009,8630.87
05102,2010,2001.38
05102,2011,4321.53
05102,2012,3437.4700000000003
05102,2013,3854.7
05102,2014,4130.95
05102,2015,4615.1
05102,2016,2349.3
05102,2017,3770.41
05102,2018,677.46
05102,2019,9510.07
05105,1988,1084.3
05105,1992,942.62
05105,1995,657.98
05105,1996,804.74
05105,1999,563.57
05105,2000,375.56
05105,2014,615.42
05109,1989,2551.04
05201,2019,3290.12
05301,1988,761.53
05301,1989,699.33
05301,1990,374.12
05301,1993,368.0
05301,1995,361.9
05301,1996,789.37
05301,1997,1941.79
05301,1998,963.47
05301,2006,770.42
05301,2007,761.02
05301,2009,398.29
05301,2011,1639.36
05301,2013,9300.34
05301,2014,1584.31
05301,2015,18485.86
05301,2016,4307.08
05301,2019,18456.59
05302,1989,3650.99
05302,1992,945.64
05302,1997,3979.09
05302,1998,1793.54
05302,1999,387.62
05302,2000,2652.39
05302,2001,914.77
05302,2002,4673.89
05302,2003,429.95
05302,2004,2109.7
05302,2005,8430.38
05302,2006,3625.39
05302,2007,192.99
05302,2008,868.14
05302,2010,15475.320000000002
05302,2011,1858.12
05302,2013,860.49
05302,2014,2286.73
05302,2015,2873.35
05302,2016,751.4
05302,2017,2918.1
05302,2018,7548.72
05302,2019,5607.2
05303,1988,2936.7
05303,1998,7520.47
05303,1999,477.46
05303,2000,1429.95
05303,2001,345.07
05303,2003,64.17
05303,2004,560.77
05303,2006,1233.65
05303,2007,2627.14
05303,2008,1069.46
05303,2009,837.78
05303,2011,376.31
05303,2013,3553.72
05303,2014,434.45
05303,2015,3160.04
05303,2016,1311.87
05303,2017,1723.28
05304,1987,2242.89
05304,1988,3277.69
05304,1989,4228.66
05304,1990,2973.1899999999996
05304,1991,3462.31
05304,1993,335.92
05304,1994,2526.61
05304,1995,1327.65
05304,1997,1054.62
05304,1998,4992.860000000001
05304,1999,960.12
05304,2000,1036.3
05304,2001,11822.9
05304,2002,5618.29
05304,2003,7734.02
05304,2004,6082.86
05304,2005,3516.4399999999996
05304,2006,5431.299999999999
05304,2007,5341.24
05304,2008,5248.18
05304,2009,2958.4900000000002
05304,2010,1290.38
05304,2012,911.19
05304,2013,2097.4700000000003
05304,2014,783.18
05304,2015,1189.9
05304,2017,3761.93
05304,2018,8143.97
05304,2019,7961.37
05401,1987,2373.2
05401,1988,22160.97
05401,1989,10519.52
05401,1990,913.78
05401,1991,7363.21
05401,1992,3095.1900000000005
05401,1993,12130.75
05401,1994,22096.03
05401,1995,18237.93
05401,1996,30556.21
05401,1997,31423.49
05401,1998,10985.4
05401,1999,13501.57
05401,2000,3805.46
05401,2001,702.05
05401,2002,493.09
05401,2003,14025.84
05401,2004,4924.900000000001
05401,2005,3386.45
05401,2006,9357.18
05401,2007,2503.41
05401,2008,474.72
05401,2009,3803.21
05401,2010,5785.879999999999
05401,2011,758.63
05401,2012,987.5
05401,2013,8339.89
05401,2014,5761.96
05401,2015,1891.3200000000002
05401,2016,995.9300000000001
05401,2017,19995.31
05401,2018,8558.8
05401,2019,4649.389999999999
05402,1987,2879.37
05402,1988,8259.66
05402,1989,14133.61
05402,1991,237.83
05402,1992,1824.85
05402,1993,4904.95
05402,1994,4842.35
05402,1995,8839.199999999999
05402,1996,8995.47
05402,1997,10341.84
05402,1998,4207.0
05402,1999,8663.289999999999
05402,2000,1888.73
05402,2001,4778.49
05402,2002,1124.27
05402,2003,11060.17
05402,2004,5008.04
05402,2005,2262.2699999999995
05402,2006,212.77
05402,2008,3850.7300000000005
05402,2009,4579.54
05402,2010,11824.81
05402,2012,1239.0
05402,2013,539.93
05402,2014,3106.06
05402,2015,2400.01
05402,2016,11383.01
05402,2017,1035.63
05402,2018,2266.33
05402,2019,9196.220000000001
05403,1994,831.95
05403,1995,6535.32
05403,2003,490.91
05404,1988,760.25
05404,1991,642.8399999999999
05404,1992,4275.81
05404,1993,3484.36
05404,1994,2972.1
05404,1995,6093.28
05404,1996,10008.46
05404,1997,9284.630000000001
05404,1998,4202.2
05404,1999,2372.21
05404,2000,4205.26
05404,2001,9783.39
05404,2002,5560.83
05404,2004,2620.34
05404,2005,3597.99
05404,2006,1466.65
05404,2007,889.31
05404,2008,292.55
05404,2009,1844.1499999999999
05404,2011,8165.38
05404,2012,194.03
05404,2013,1562.9299999999998
05404,2014,789.23
05404,2017,412.31
05404,2019,531.4300000000001
05405,1988,2399.53
05405,1995,912.16
05405,2000,305.88
05405,2002,615.67
05405,2008,382.72
05405,2010,3165.12
05405,2012,1473.82
05405,2017,936.24
05501,1988,3039.34
05501,1989,9014.82
05501,1990,4659.42
05501,1991,810.02
05501,1992,9982.42
05501,1993,1991.27
05501,1994,4738.0199999999995
05501,1995,7651.09
05501,1996,4767.81
05501,1997,4216.79
05501,1998,9204.01
05501,1999,4655.18
05501,2000,4526.67
05501,2001,12290.380000000001
05501,2002,9942.35
05501,2003,6876.61
05501,2004,6371.459999999999
05501,2005,3228.75
05501,2006,1444.51
05501,2007,11270.59
05501,2008,3531.17
05501,2009,1845.31
05501,2010,1125.1499999999999
05501,2011,946.51
05501,2012,2211.67
05501,2013,3430.14
05501,2014,1859.04
05501,2015,1114.16
05501,2016,15150.96
05501,2017,8594.72
05501,2019,4106.52
05502,1992,2709.96
05502,1993,105.55
05502,1994,365.98
05502,1997,1224.6499999999999
05502,1998,1051.8600000000001
05502,1999,3632.65
05502,2000,989.1300000000001
05502,2001,6041.370000000001
05502,2003,610.25
05502,2004,363.4
05502,2005,556.35
05502,2006,3435.05
05502,2007,4543.76
05502,2010,1552.9
05502,2011,11881.130000000001
05502,2012,6643.77
05502,2013,9478.84
05502,2016,5922.5
05502,2018,3732.92
05502,2019,1413.05
05503,1988,4850.84
05503,1990,3400.27
05503,1991,194.02
05503,1992,387.79
05503,1993,5335.290000000001
05503,1994,462.82
05503,1995,1366.31
05503,1996,695.97
05503,1998,1901.29
05503,1999,3491.19
05503,2000,2777.0
05503,2001,7496.73
05503,2002,1619.85
05503,2004,8083.41
05503,2005,2024.44
05503,2006,1155.79
05503,2007,508.06
05503,2008,6744.0
05503,2009,3327.17
05503,2010,695.05
05503,2011,5443.74
05503,2012,5547.35
05503,2013,6333.92
05503,2014,452.78
05503,2015,3553.42
05503,2016,756.42
05503,2017,3534.61
05503,2018,486.21
05503,2019,850.55
05504,1988,1402.54
05504,1989,8450.38
05504,1991,2757.29
05504,1992,2152.8
05504,1993,2968.66
05504,1994,3199.42
05504,1995,2691.8999999999996
05504,1996,944.16
05504,1997,1708.0300000000002
05504,1998,942.6999999999999
05504,1999,2021.42
05504,2000,1369.33
05504,2001,2314.0
05504,2002,3409.2599999999998
05504,2003,693.55
05504,2004,45.07
05504,2005,1296.87
05504,2007,6783.13
05504,2009,1508.78
05504,2010,522.89
05504,2011,5720.63
05504,2013,143.69
05504,2016,150.1
05506,1988,2914.2200000000003
05506,1989,1437.51
05506,1993,1329.24
05506,1994,4245.15
05506,1995,3174.24
05506,1996,1441.48
05506,1997,4476.24
05506,1998,1701.3899999999999
05506,1999,8372.650000000001
05506,2000,3647.6400000000003
05506,2001,5230.2300000000005
05506,2002,4645.51
05506,2003,8830.7
05506,2004,13347.43
05506,2005,4661.2
05506,2006,910.21
05506,2007,487.4
05506,2008,9171.31
05506,2009,1889.91
05506,2010,2453.7799999999997
05506,2012,1574.76
05506,2013,2760.58
05506,2014,377.58
05506,2015,1993.85
05506,2018,1036.0
05506,2019,1858.7900000000002
05601,1994,1431.8
05601,1995,2809.67
05601,2000,3029.0699999999997
05601,2002,1868.8
05601,2003,1847.21
05601,2004,467.69
05601,2005,8161.92
05601,2007,1556.27
05601,2008,4110.84
05601,2009,13604.71
05601,2010,6759.780000000001
05601,2011,1613.36
05601,2012,7537.320000000001
05601,2013,2304.63
05601,2014,5494.650000000001
05601,2015,5549.19
05601,2016,3829.7200000000003
05601,2017,5294.47
05601,2019,975.0799999999999
05602,1997,373.16
05602,1998,297.77
05603,1992,379.29
05603,1995,717.04
05603,1997,2932.59
05603,1998,1337.6100000000001
05603,2002,734.45
05603,2003,719.53
05603,2009,3503.63
05603,2010,2018.15
05606,1989,1147.81
05606,1993,2633.5
05606,1996,1857.76
05606,1997,2324.56
05606,1999,632.99
05606,2001,2130.66
05606,2006,5695.16
05606,2007,5927.18
05606,2009,3701.12
05606,2010,2319.35
05606,2011,2511.38
05606,2012,14749.880000000001
05606,2013,14059.72
05606,2014,12281.720000000001
05606,2015,5313.26
05606,2016,7920.94
05606,2017,10413.3
05606,2018,12961.5
05606,2019,4369.99
05701,1987,2251.8
05701,1988,812.43
05701,1989,2404.56
05701,1990,2188.23
05701,1993,588.44
05701,1994,2250.38
05701,1996,770.66
05701,1997,4778.9400000000005
05701,1998,1156.94
05701,1999,1965.2
05701,2000,2467.88
05701,2001,3743.1899999999996
05701,2002,9995.38
05701,2003,1879.2399999999998
05701,2004,2636.5699999999997
05701,2005,12582.96
05701,2006,8402.2
05701,2007,6115.04
05701,2008,1502.79
05701,2009,7526.86
05701,2010,3150.9
05701,2011,1176.56
05701,2012,757.24
05701,2013,6083.33
05701,2014,985.04
05701,2015,13752.24
05701,2016,5470.0199999999995
05701,2017,10375.01
05701,2018,1416.8200000000002
05701,2019,11379.19
05702,1988,3893.6400000000003
05702,1989,966.2
05702,1999,764.1999999999999
05702,2000,1921.34
05702,2001,529.54
05702,2002,3461.29
05702,2003,1017.09
05702,2004,889.38
05702,2005,1817.41
05702,2006,4952.91
05702,2008,172.42
05702,2009,85.56
05702,2010,9156.87
05702,2011,9286.03
05702,2012,6702.5599999999995
05702,2013,3468.55
05702,2014,4762.63
05702,2015,3158.16
05702,2016,1561.64
05702,2017,3545.1
05702,2018,1294.85
05702,2019,15573.64
05703,1988,1194.9
05703,1989,7483.68
05703,1990,5835.38
05703,1992,434.92
05703,1994,2732.14
05703,1996,1586.61
05703,2001,1376.6
05703,2003,626.85
05703,2004,933.59
05703,2005,836.74
05703,2006,1563.6100000000001
05703,2007,4250.6
05703,2008,5850.2699999999995
05703,2009,3340.56
05703,2010,1246.73
05703,2011,3789.99
05703,2012,3804.6099999999997
05703,2013,1034.62
05703,2014,2016.14
05703,2015,5562.08
05703,2016,554.03
05703,2017,3186.62
05703,2018,8252.9
05703,2019,2611.9900000000002
05704,1988,3185.27
05704,1990,384.05
05704,1991,699.99
05704,1992,3988.21
05704,1993,2911.21
05704,1994,9944.82
05704,1995,1734.31
05704,1996,3769.42
05704,1997,5381.22
05704,1998,1143.43
05704,2000,566.95
05704,2001,9868.29
05704,2002,7359.240000000001
05704,2003,814.76
05704,2004,2617.5699999999997
05704,2005,2596.3900000000003
05704,2006,5258.38
05704,2007,11320.24
05704,2008,6449.889999999999
05704,2010,6613.3
05704,2011,8098.58
05704,2012,2864.8100000000004
05704,2013,6499.22
05704,2014,9947.689999999999
05704,2015,2083.51
05704,2016,2521.39
05704,2017,1648.71
05704,2018,1025.52
05705,1990,767.88
05705,1991,5543.64
05705,1992,762.36
05705,1993,1097.88
05705,1996,4918.4
05705,1997,44930.549999999996
05705,1998,30048.29
05705,1999,66527.4
05705,2000,54524.64
05705,2001,31006.38
05705,2002,22787.13
05705,2003,29834.45
05705,2004,15260.569999999998
05705,2005,15960.109999999999
05705,2006,3059.62
05705,2007,5675.28
05705,2008,7921.01
05705,2009,11994.539999999999
05705,2010,4245.39
05705,2011,6723.13
05705,2012,1481.8
05705,2013,6449.6
05705,2014,8817.93
05705,2015,410.82
05705,2016,1241.67
05705,2017,1576.79
05705,2018,4089.5600000000004
05705,2019,14039.48
05706,1988,1793.77
05706,1996,344.06
05706,1998,2442.6800000000003
05706,1999,9399.16
05706,2000,2283.8199999999997
05706,2001,4722.96
05706,2002,15148.33
05706,2003,8054.88
05706,2004,2600.66
05706,2005,2194.64
05706,2006,2235.67
05706,2007,1668.12
05706,2008,907.08
05706,2012,399.36
05706,2013,776.22
05706,2014,1450.46
05706,2015,6372.32
05706,2016,1304.26
05706,2017,9411.05
05706,2018,2832.66
05706,2019,936.22
05801,1988,4039.78
05801,1991,3842.63
05801,1992,2463.54
05801,1998,2992.12
05801,2012,930.4
05802,1987,1457.26
05802,1988,7678.09
05802,1989,9444.85
05802,1990,6996.16
05802,1991,8330.75
05802,1992,2514.7000000000003
05802,1993,6911.94
05802,1994,3437.4
05802,1995,2180.07
05802,1996,3773.2
05802,1997,12645.47
05802,1998,1533.3400000000001
05802,1999,9005.25
05802,2001,2182.61
05802,2002,4647.69
05802,2003,5015.17
05802,2004,20302.35
05802,2005,3956.61
05802,2007,4122.780000000001
05802,2008,1679.99
05802,2009,4610.59
05802,2010,5198.4400000000005
05802,2011,9299.0
05802,2012,482.64
05802,2015,779.79
05802,2016,346.13
05802,2017,1900.75
05802,2019,13994.22
05803,1988,1609.94
05803,1989,5146.72
05803,1990,224.3
05803,1992,691.79
05803,1994,2109.92
05803,1996,442.4
05803,1997,273.87
05803,1998,2115.5499999999997
05803,2000,1165.15
05803,2001,1778.1399999999999
05803,2002,370.5
05803,2004,684.51
05803,2005,543.03
05803,2006,2920.13
05803,2009,908.06
05803,2010,2152.03
05803,2011,524.57
05803,2014,141.3
05804,1988,1760.49
05804,1989,6058.33
05804,1991,642.52
05804,1993,441.25
05804,1994,309.88
05804,2004,451.21
06101,1988,5023.23
06101,1992,171.67
06101,2000,1768.63
06101,2001,1672.31
06101,2002,1114.4299999999998
06101,2003,2463.38
06101,2004,1691.58
06101,2005,1262.41
06101,2006,1528.3
06101,2007,3633.1400000000003
06101,2008,1604.4099999999999
06101,2009,2542.34
06101,2010,1653.37
06101,2011,1413.72
06101,2012,2903.85
06101,2013,6668.69
06101,2014,9058.830000000002
06101,2015,6463.3099999999995
06101,2016,2062.7
06101,2017,3464.8199999999997
06101,2018,16271.53
06101,2019,2603.49
06102,1988,2631.91
06102,1989,993.65
06102,1990,3689.49
06102,1998,389.36
06102,2001,4570.92
06102,2002,1917.3400000000001
06102,2003,633.0
06102,2004,1517.8000000000002
06102,2005,3719.04
06102,2006,2335.55
06102,2007,3158.08
06102,2008,4749.26
06102,2009,3581.5099999999998
06102,2010,481.42
06102,2011,1018.69
06102,2012,1593.6100000000001
06102,2013,2067.48
06102,2015,5370.79
06102,2016,1463.4
06102,2017,1086.82
06102,2018,7894.860000000001
06102,2019,6237.91
06103,2007,390.56
06103,2008,563.65
06103,2010,4086.19
06103,2012,671.61
06103,2013,1451.92
06103,2015,1097.09
06103,2018,1886.17
06104,1988,1604.74
06104,1997,2041.5
06104,1998,8690.15
06104,2000,9382.24
06104,2001,2894.7400000000002
06104,2002,9432.150000000001
06104,2004,6413.32
06104,2005,4001.98
06104,2006,2459.63
06104,2007,3331.18
06104,2008,1472.42
06104,2009,1279.37
06104,2010,549.36
06104,2012,2165.53
06104,2013,466.63
06104,2014,2553.48
06104,2015,2889.69
06104,2016,3260.8900000000003
06104,2017,3713.86
06104,2018,2012.3500000000001
06104,2019,1863.31
06105,1988,1344.89
06105,1989,2952.08
06105,2003,8373.4
06105,2006,725.42
06105,2013,6147.12
06105,2014,9218.43
06105,2015,8594.87
06105,2018,9350.46
06105,2019,1682.25
06106,1990,498.15
06106,1992,3534.09
06106,1993,710.24
06106,1999,1068.05
06106,2000,2022.1399999999999
06106,2001,2041.39
06106,2002,306.95
06106,2004,5328.6
06106,2005,4175.67
06106,2006,724.6
06106,2007,2894.07
06106,2008,2126.26
06106,2009,1287.08
06106,2010,1581.46
06106,2011,535.8499999999999
06106,2012,427.15
06106,2013,1433.71
06106,2014,1384.16
06106,2015,4641.35
06106,2016,4777.17
06106,2017,7244.150000000001
06106,2018,4061.8100000000004
06106,2019,15400.800000000001
06107,1988,2434.51
06107,1990,13764.689999999999
06107,1991,761.1
06107,1992,411.19
06107,1993,1704.35
06107,1994,3499.53
06107,1995,2567.1099999999997
06107,1997,1202.05
06107,1998,2960.12
06107,2000,553.03
06107,2001,11471.54
06107,2002,4317.32
06107,2003,6745.61
06107,2004,1211.3
06107,2005,8517.5
06107,2006,10989.710000000001
06107,2007,6476.45
06107,2008,6571.17
06107,2009,4946.25
06107,2010,4393.71
06107,2011,3322.7000000000003
06107,2012,3573.5699999999997
06107,2013,1552.33
06107,2014,13938.039999999999
06107,2015,19793.65
06107,2016,17119.06
06107,2017,26298.69
06107,2018,18638.27
06107,2019,18001.97
06108,1989,10583.07
06108,2002,816.8699999999999
06108,2003,325.51
06108,2010,2257.18
06108,2011,5040.42
06108,2012,2962.37
06108,2014,4869.79
06108,2015,7228.26
06108,2016,20603.22
06108,2017,20697.32
06108,2018,16168.88
06108,2019,22589.940000000002
06109,1990,1093.04
06109,1992,1426.46
06109,1994,7740.29
06109,1995,750.61
06109,1997,3153.42
06109,2000,668.94
06109,2001,13031.24
06109,2002,2017.01
06109,2003,16178.73
06109,2004,1229.05
06109,2005,589.97
06109,2006,530.79
06109,2007,9796.880000000001
06109,2008,597.17
06109,2009,1635.8799999999999
06109,2010,2153.25
06109,2012,726.67
06109,2013,4874.08
06109,2014,7735.4
06109,2015,621.96
06109,2016,1623.9
06109,2017,1073.9
06109,2018,2300.63
06109,2019,1382.5
06110,1987,2200.93
06110,1991,1668.66
06110,1992,5215.7
06110,1995,4732.33
06110,1997,4080.54
06110,1999,1084.84
06110,2000,521.96
06110,2002,916.48
06110,2003,3089.62
06110,2004,2496.56
06110,2005,943.55
06110,2006,8851.67
06110,2007,383.61
06110,2008,1200.27
06110,2009,2845.0
06110,2011,3658.89
06110,2012,471.66999999999996
06110,2013,3495.0
06110,2014,13250.49
06110,2015,5063.93
06110,2016,2323.4300000000003
06110,2017,8587.220000000001
06110,2018,9082.41
06110,2019,6092.820000000001
06111,1990,163.81
06111,1996,1161.48
06111,1998,954.57
06111,2004,1266.96
06111,2005,1794.5100000000002
06111,2009,592.3
06111,2011,844.37
06111,2012,891.2
06111,2013,956.47
06111,2014,9846.93
06111,2015,11424.29
06111,2016,12847.82
06111,2017,1472.1000000000001
06111,2018,1123.21
06111,2019,4241.83
06112,1996,2526.32
06112,1998,2834.25
06112,1999,5231.22
06112,2000,1533.8899999999999
06112,2001,632.85
06112,2002,507.73
06112,2003,1257.99
06112,2004,3202.72
06112,2005,236.0
06112,2006,3747.9
06112,2007,1474.5700000000002
06112,2008,2400.37
06112,2009,1936.64
06112,2010,1009.84
06112,2011,3287.0600000000004
06112,2012,1624.6799999999998
06112,2015,2901.53
06112,2019,1916.6399999999999
06113,1999,1981.94
06113,2000,1252.08
06113,2001,889.11
06113,2002,7752.4
06113,2003,2604.71
06113,2004,1824.6499999999999
06113,2005,23624.37
06113,2006,10057.45
06113,2007,13064.650000000001
06113,2008,683.04
06113,2009,3185.04
06113,2010,20888.42
06113,2011,2950.0099999999998
06113,2012,2951.34
06113,2013,6321.43
06113,2014,11539.6
06113,2015,38229.4
06113,2016,43149.78
06113,2017,22117.7
06113,2018,30873.71
06113,2019,31861.02
06114,2002,4438.1
06114,2004,8533.35
06114,2005,1452.57
06114,2007,1018.3
06114,2008,727.09
06114,2009,2212.86
06114,2010,1895.25
06114,2011,995.22
06114,2012,559.41
06114,2013,671.33
06114,2016,2075.56
06114,2017,4547.52
06114,2018,2893.7799999999997
06114,2019,8881.52
06115,1988,4703.46
06115,1989,3945.39
06115,1990,8754.62
06115,1991,1517.25
06115,1992,2405.57
06115,1999,16086.380000000001
06115,2000,16643.58
06115,2001,10004.33
06115,2002,16781.58
06115,2003,12397.73
06115,2004,4614.89
06115,2005,5219.02
06115,2006,8413.300000000001
06115,2007,8975.49
06115,2008,27567.93
06115,2009,16018.32
06115,2010,3765.93
06115,2011,3639.78
06115,2012,4197.42
06115,2013,1241.32
06115,2014,15941.650000000001
06115,2015,14408.55
06115,2016,13387.240000000002
06115,2017,13769.75
06115,2018,12199.97
06115,2019,14145.04
06116,1989,911.11
06116,1991,990.99
06116,1998,356.69
06116,2001,833.83
06116,2002,5208.97
06116,2003,1955.6999999999998
06116,2004,1523.1100000000001
06116,2005,2901.2
06116,2006,3557.81
06116,2007,2583.05
06116,2008,2511.06
06116,2009,3862.31
06116,2010,1932.2
06116,2012,4546.76
06116,2013,5610.68
06116,2014,6191.23
06116,2015,9004.29
06116,2016,6595.61
06116,2017,11452.99
06116,2018,1557.84
06116,2019,6087.46
06117,1988,7526.57
06117,1991,2130.29
06117,1992,1283.69
06117,1993,3275.95
06117,1994,6679.42
06117,1995,6843.23
06117,1997,708.73
06117,1998,2928.34
06117,1999,6447.450000000001
06117,2000,6604.45
06117,2001,1748.5800000000002
06117,2002,2189.65
06117,2003,24674.64
06117,2004,14395.689999999999
06117,2005,14266.37
06117,2006,19107.89
06117,2007,19565.98
06117,2008,16868.34
06117,2009,17451.03
06117,2010,7104.889999999999
06117,2011,1218.54
06117,2012,4230.65
06117,2013,4161.2300000000005
06117,2014,9495.84
06117,2015,11001.23
06117,2016,24946.21
06117,2017,35735.25
06117,2018,42239.850000000006
06117,2019,31372.75
06201,1990,2717.46
06201,1991,959.52
06202,1997,3023.03
06202,1999,372.96999999999997
06202,2000,205.94
06202,2005,7930.99
06202,2008,841.56
06202,2009,14029.439999999999
06202,2010,12551.33
06202,2011,1478.46
06202,2012,8115.76
06202,2016,5891.22
06202,2017,458.98
06202,2018,7680.14
06203,1996,1070.57
06203,2001,561.61
06203,2004,116.24000000000001
06203,2005,1367.69
06203,2006,291.34
06203,2009,283.01
06203,2010,1064.68
06203,2011,1667.75
06203,2012,1112.71
06203,2014,10571.689999999999
06203,2017,2187.74
06203,2018,1973.32
06203,2019,583.56
06204,1988,516.88
06204,1989,5940.83
06204,1991,1603.13
06204,1992,334.67
06204,1993,6091.76
06204,1994,4345.46
06204,1995,12128.3
06204,1996,2074.14
06204,1997,3738.79
06204,1999,8283.75
06204,2000,2759.55
06204,2001,3393.66
06204,2002,4683.67
06204,2003,3502.5600000000004
06204,2004,2796.17
06204,2005,7000.21
06204,2006,3223.96
06204,2007,2797.0600000000004
06204,2008,14828.23
06204,2009,3596.46
06204,2010,10135.21
06204,2011,8861.13
06204,2013,5093.92
06204,2014,4647.05
06204,2015,4619.610000000001
06204,2016,1660.24
06205,1990,1851.6
06205,1996,2608.03
06205,2001,3207.31
06205,2005,455.21
06205,2008,369.92
06206,2009,2066.12
06206,2010,813.66
06301,1987,1021.45
06301,1989,3113.81
06301,1990,1021.89
06301,1991,1602.7
06301,1992,700.24
06301,1995,8976.15
06301,1997,726.26
06301,1999,326.68
06301,2000,1081.8799999999999
06301,2001,1056.73
06301,2002,1741.11
06301,2004,1847.79
06301,2005,6645.52
06301,2006,12124.12
06301,2007,1985.04
06301,2008,6828.74
06301,2009,10300.03
06301,2010,4966.39
06301,2011,4598.5599999999995
06301,2012,10657.68
06301,2013,11154.21
06301,2014,8674.2
06301,2015,18001.81
06301,2016,17079.4
06301,2017,22394.11
06301,2018,28748.359999999997
06301,2019,33810.82
06302,1989,1083.48
06302,1990,834.05
06302,1991,565.92
06302,1992,967.75
06302,1993,1928.36
06302,1996,1030.44
06302,1997,3759.62
06302,1998,6898.38
06302,2000,5426.16
06302,2001,6869.0199999999995
06302,2002,6000.44
06302,2004,1364.17
06302,2005,435.74
06302,2007,3003.25
06302,2008,5782.89
06302,2009,4514.81
06302,2010,2506.77
06302,2011,4335.39
06302,2012,5227.58
06302,2013,4077.23
06302,2014,8568.27
06302,2015,8530.23
06302,2016,8787.39
06302,2017,6790.59
06302,2018,9221.82
06302,2019,13889.35
06303,1987,625.13
06303,1988,1564.8
06303,1990,1910.76
06303,1991,2188.19
06303,1992,873.0
06303,1993,2381.32
06303,1994,8724.49
06303,1995,5062.1
06303,1996,925.45
06303,1997,1363.95
06303,1998,1096.71
06303,1999,15082.27
06303,2000,3060.1
06303,2001,6322.31
06303,2002,8903.98
06303,2003,4154.14
06303,2004,11746.34
06303,2005,9078.06
06303,2006,41166.76
06303,2007,8379.54
06303,2008,12732.78
06303,2009,10502.43
06303,2010,10639.28
06303,2011,7374.68
06303,2012,9166.47
06303,2013,22854.68
06303,2014,23950.66
06303,2015,28352.52
06303,2016,19714.68
06303,2017,35816.2
06303,2018,36117.43
06303,2019,33776.4
06304,1992,240.57
06304,1995,1714.35
06304,1998,2424.23
06304,2000,3329.72
06304,2001,8676.960000000001
06304,2002,10422.55
06304,2003,1643.98
06304,2004,7409.41
06304,2005,4282.48
06304,2006,4229.13
06304,2007,1598.83
06304,2008,13064.57
06304,2009,14119.66
06304,2010,5944.219999999999
06304,2011,4054.64
06304,2012,12187.25
06304,2013,12268.08
06304,2014,8027.7
06304,2015,1501.3400000000001
06304,2016,9889.67
06304,2017,7951.48
06304,2018,6215.29
06304,2019,6849.53
06305,1990,1435.1599999999999
06305,1998,770.16
06305,1999,552.03
06305,2000,5354.59
06305,2001,854.31
06305,2002,3502.8
06305,2003,1937.82
06305,2004,26588.56
06305,2006,2284.48
06305,2007,8403.09
06305,2008,3262.2599999999998
06305,2009,3759.7200000000003
06305,2012,883.69
06305,2013,7677.02
06305,2014,29035.67
06305,2015,823.24
06305,2016,3944.33
06305,2017,57304.979999999996
06305,2018,27818.39
06305,2019,12629.84
06306,1987,602.68
06306,1988,10254.27
06306,1989,7727.24
06306,1991,8518.07
06306,1992,4919.36
06306,1993,7047.32
06306,1994,10070.720000000001
06306,1995,3156.55
06306,1996,6794.76
06306,1997,10011.83
06306,1998,14880.060000000001
06306,1999,6198.79
06306,2000,3379.19
06306,2001,5382.91
06306,2002,1592.83
06306,2003,8039.669999999999
06306,2004,4724.98
06306,2005,9492.41
06306,2006,6769.88
06306,2007,13551.900000000001
06306,2008,4996.42
06306,2009,6366.53
06306,2010,3633.51
06306,2011,3775.92
06306,2012,6479.26
06306,2013,5829.17
06306,2014,7581.67
06306,2015,14389.869999999999
06306,2016,7797.820000000001
06306,2017,8941.45
06306,2018,12867.92
06306,2019,18058.49
06307,1989,2228.37
06307,1990,2969.87
06307,1991,1253.33
06307,1994,5278.07
06307,1995,9058.4
06307,1996,19693.940000000002
06307,1997,5840.8099999999995
06307,1998,2633.05
06307,1999,3034.05
06307,2000,6664.66
06307,2001,5267.23
06307,2002,10200.68
06307,2003,5552.1
06307,2004,5529.9800000000005
06307,2005,3880.3900000000003
06307,2006,9600.46
06307,2007,15264.5
06307,2008,7625.53
06307,2009,6117.71
06307,2010,9790.85
06307,2011,4118.97
06307,2012,9142.1
06307,2013,13927.079999999998
06307,2014,10386.380000000001
06307,2015,6974.28
06307,2016,2327.31
06307,2017,7398.65
06307,2018,4553.91
06307,2019,7270.17
06308,1993,2299.48
06308,1997,447.05
06308,1998,1147.47
06308,1999,498.49
06308,2000,2360.62
06308,2001,6529.65
06308,2002,1065.29
06308,2003,1899.45
06308,2004,3273.15
06308,2005,1478.24
06308,2006,5870.42
06308,2007,673.81
06308,2008,1446.55
06308,2009,7600.53
06308,2010,4483.7
06308,2011,1393.94
06308,2012,2633.51
06308,2013,2852.8
06308,2014,595.04
06308,2015,1823.0900000000001
06308,2016,10236.93
06308,2017,21510.25
06308,2018,3763.31
06308,2019,2934.0099999999998
06309,1988,1091.97
06309,1996,660.65
06309,1999,100.49
06309,2001,244.13
06309,2002,1117.09
06309,2003,3725.9700000000003
06309,2004,4022.5
06309,2005,793.42
06309,2006,648.23
06309,2007,408.84
06309,2008,3648.2
06309,2009,1310.8
06309,2011,4090.9399999999996
06309,2012,1254.4
06309,2013,2495.4300000000003
06309,2014,2125.92
06309,2015,10453.970000000001
06309,2017,2430.47
06310,1989,1047.89
06310,1990,736.58
06310,1991,3644.7
06310,1992,530.94
06310,1993,2475.86
06310,1994,708.44
06310,1995,2375.99
06310,1996,8167.0199999999995
06310,1997,3220.43
06310,1998,6715.75
06310,1999,1150.27
06310,2000,15512.73
06310,2001,6686.21
06310,2002,9381.27
06310,2003,14424.759999999998
06310,2004,2368.53
06310,2005,8070.11
06310,2006,6183.37
06310,2007,3467.6099999999997
06310,2008,11631.44
06310,2009,10881.66
06310,2010,13270.31
06310,2011,28265.8
06310,2012,13336.51
06310,2013,3314.46
06310,2014,3429.7799999999997
06310,2015,11302.46
06310,2016,1397.2
06310,2017,7621.76
06310,2018,26523.420000000002
06310,2019,13389.17
07101,1988,769.08
07101,1989,6477.59
07101,1990,2207.18
07101,1991,423.88
07101,1992,1309.21
07101,1993,1922.1599999999999
07101,1994,1416.37
07101,1995,4317.889999999999
07101,1998,661.65
07101,1999,2947.83
07101,2000,6828.889999999999
07101,2001,16934.48
07101,2002,12887.199999999999
07101,2003,16266.16
07101,2004,5418.79
07101,2005,3889.44
07101,2006,4990.7
07101,2008,2448.33
07101,2009,478.51
07101,2010,15769.94
07101,2011,8871.699999999999
07101,2012,5726.16
07101,2013,2164.1
07101,2014,955.71
07101,2015,6297.639999999999
07101,2016,410.54
07101,2017,7525.299999999999
07101,2018,392.21
07101,2019,6399.67
07102,1988,2656.67
07102,1989,507.23
07102,1991,1012.0
07102,1995,3615.66
07102,2000,1573.92
07102,2008,1702.58
07102,2010,407.8
07102,2019,489.78
07103,1988,2337.61
07103,1992,1372.25
07103,1993,1221.31
07103,1994,6923.98
07103,1996,9571.14
07103,1999,19284.17
07103,2000,3947.2
07103,2001,2245.54
07103,2002,5001.94
07103,2003,16381.92
07103,2004,5582.17
07103,2005,13038.56
07103,2006,4316.48
07103,2007,4955.85
07103,2008,7660.46
07103,2009,7455.08
07103,2010,7339.91
07103,2011,7048.43
07103,2012,590.44
07103,2013,2379.94
07103,2014,2247.46
07103,2015,4568.87
07103,2016,961.87
07103,2018,808.74
07103,2019,1374.54
07104,2005,1017.36
07104,2010,1805.03
07104,2012,1221.33
07104,2019,366.31
07105,1993,1163.8
07105,1999,7201.46
07105,2001,10190.75
07105,2002,2078.86
07105,2005,2653.01
07105,2006,1959.86
07105,2008,3981.99
07105,2009,4718.47
07105,2010,3752.26
07105,2011,1035.18
07105,2012,14437.28
07105,2014,10327.279999999999
07105,2015,5613.97
07105,2016,1916.39
07105,2017,3778.96
07105,2018,593.25
07105,2019,1857.03
07106,1988,527.73
07106,1989,1373.62
07106,1990,6276.71
07106,1992,2102.2200000000003
07106,1993,1782.93
07106,1994,288.14
07106,1995,6690.28
07106,1996,1105.63
07106,1997,16066.32
07106,1998,2105.78
07106,1999,2396.96
07106,2000,939.21
07106,2001,7239.8
07106,2002,860.27
07106,2003,3550.01
07106,2004,5213.52
07106,2005,19262.71
07106,2006,32852.64
07106,2007,43238.619999999995
07106,2008,29322.4
07106,2009,18944.59
07106,2010,22017.02
07106,2011,5435.23
07106,2012,12664.37
07106,2013,20686.510000000002
07106,2014,46783.52
07106,2015,26179.670000000002
07106,2016,24141.28
07106,2017,18431.73
07106,2018,28093.43
07106,2019,25973.68
07107,1993,4482.25
07107,1994,32430.170000000002
07107,1995,13537.619999999999
07107,1996,7670.93
07107,1997,29263.15
07107,1998,51984.25
07107,1999,7000.38
07107,2000,19056.09
07107,2001,16067.04
07107,2002,8279.08
07107,2003,9690.380000000001
07107,2004,13961.95
07107,2005,4201.91
07107,2006,24279.65
07107,2007,33597.14
07107,2008,35907.44
07107,2009,29839.68
07107,2010,5783.37
07107,2011,12911.69
07107,2012,28813.81
07107,2013,13366.51
07107,2014,23629.38
07107,2015,25468.02
07107,2016,8916.82
07107,2017,9879.779999999999
07107,2018,13384.529999999999
07107,2019,1372.21
07108,1987,2036.24
07108,1989,3259.92
07108,1990,4278.91
07108,1991,3573.3199999999997
07108,1992,3179.77
07108,1993,3020.5699999999997
07108,1995,1974.6499999999999
07108,1996,3426.13
07108,1997,10034.48
07108,1998,759.35
07108,1999,1678.6599999999999
07108,2000,5889.51
07108,2001,15380.01
07108,2002,10159.23
07108,2003,3246.1
07108,2004,8491.25
07108,2005,8578.869999999999
07108,2006,28198.15
07108,2007,21676.64
07108,2008,17788.53
07108,2009,27270.4
07108,2010,38425.240000000005
07108,2011,46901.27
07108,2012,25974.58
07108,2013,23383.1
07108,2014,29038.08
07108,2015,31370.27
07108,2016,10761.35
07108,2017,34091.049999999996
07108,2018,8099.67
07108,2019,26731.53
07109,1987,6198.900000000001
07109,1988,3027.7300000000005
07109,1989,8248.060000000001
07109,1990,691.86
07109,1991,1861.06
07109,1992,7301.490000000001
07109,1993,6528.36
07109,1994,2982.14
07109,1995,824.84
07109,1996,1553.4099999999999
07109,1998,4559.79
07109,1999,267.36
07109,2000,8241.35
07109,2001,7347.12
07109,2002,11072.11
07109,2003,17702.44
07109,2004,22090.16
07109,2005,42943.75
07109,2006,45818.73
07109,2007,37660.59
07109,2008,63009.24
07109,2009,71185.0
07109,2010,58663.49
07109,2011,55845.62
07109,2012,57870.3
07109,2013,37626.96
07109,2014,47019.64
07109,2015,102953.02
07109,2016,58275.740000000005
07109,2017,79359.78
07109,2018,60823.36
07109,2019,95754.96
07110,1999,4744.05
07110,2000,3731.58
07110,2001,2347.51
07110,2002,1006.81
07110,2003,1365.29
07110,2006,3717.8199999999997
07110,2007,3515.01
07110,2008,949.91
07110,2009,8709.86
07110,2010,11151.65
07110,2011,5644.36
07110,2012,11201.27
07110,2013,10154.3
07110,2014,5850.5
07110,2015,9368.12
07110,2016,13736.32
07110,2017,16371.69
07110,2018,13612.43
07110,2019,14485.76
07201,1989,3542.01
07201,1990,2509.82
07201,1991,5841.07
07201,1992,2064.85
07201,1993,4917.42
07201,1994,2336.17
07201,1995,1777.95
07201,1996,1838.81
07201,1997,5427.45
07201,1998,4537.88
07201,1999,8223.74
07201,2000,11016.369999999999
07201,2001,16990.2
07201,2002,10535.429999999998
07201,2003,2956.71
07201,2004,10806.630000000001
07201,2005,2725.84
07201,2006,5849.05
07201,2007,8830.31
07201,2008,13672.85
07201,2009,23337.02
07201,2010,20913.44
07201,2011,13340.85
07201,2012,15489.59
07201,2013,3082.3199999999997
07201,2014,17365.59
07201,2015,8271.84
07201,2016,7058.36
07201,2017,13049.93
07201,2018,7813.51
07201,2019,10935.45
07202,1990,1086.11
07202,2013,334.83
07202,2016,1052.04
07203,1991,701.5799999999999
07203,1992,704.56
07203,1993,592.86
07301,1989,9722.13
07301,1990,2283.85
07301,1991,7190.9400000000005
07301,1992,5246.49
07301,1993,5807.9800000000005
07301,1994,9974.01
07301,1995,5446.92
07301,1996,4697.07
07301,1997,2731.98
07301,1998,7705.88
07301,1999,13550.210000000001
07301,2000,9593.94
07301,2001,14487.31
07301,2002,10505.73
07301,2003,12465.49
07301,2004,14468.82
07301,2005,21686.33
07301,2006,20630.53
07301,2007,18749.27
07301,2008,25019.100000000002
07301,2009,25455.61
07301,2010,30892.59
07301,2011,13138.47
07301,2012,17720.4
07301,2013,11277.7
07301,2014,13593.75
07301,2015,25266.53
07301,2016,18841.74
07301,2017,9819.9
07301,2018,7822.41
07301,2019,36874.549999999996
07302,1993,3376.53
07302,2000,1192.72
07302,2001,3831.93
07302,2002,957.74
07302,2004,2842.8
07302,2008,776.73
07302,2009,320.15
07302,2011,5211.97
07302,2012,1683.65
07302,2016,775.15
07302,2018,3477.19
07302,2019,5710.63
07303,1991,396.01
07303,2002,1030.68
07303,2003,13809.22
07303,2005,2178.9700000000003
07303,2014,3660.0099999999998
07303,2015,1773.82
07303,2016,2610.29
07303,2017,5168.68
07304,1988,14014.48
07304,1989,3985.12
07304,1990,21534.18
07304,1991,2970.8599999999997
07304,1992,4687.68
07304,1993,12583.08
07304,1994,4711.01
07304,1995,894.06
07304,1996,4348.12
07304,1997,11927.68
07304,1998,16923.77
07304,1999,27063.31
07304,2000,14246.240000000002
07304,2001,26785.81
07304,2002,13292.289999999999
07304,2003,7300.72
07304,2004,11741.95
07304,2005,5566.650000000001
07304,2006,27433.190000000002
07304,2007,15226.84
07304,2008,12759.46
07304,2009,15627.77
07304,2010,14799.51
07304,2011,6901.32
07304,2012,6442.84
07304,2013,14402.45
07304,2014,11320.01
07304,2015,16521.489999999998
07304,2016,9291.93
07304,2017,14641.28
07304,2018,5872.0
07304,2019,14200.45
07305,1990,2155.2000000000003
07305,1991,444.77
07305,1992,4447.7
07305,1993,1401.9
07305,1995,5883.29
07305,1996,3276.02
07305,1998,1095.76
07305,2000,6734.67
07305,2001,10499.39
07305,2002,9598.87
07305,2003,2154.75
07305,2004,3521.58
07305,2005,6057.360000000001
07305,2006,7971.56
07305,2007,2581.17
07305,2008,6746.56
07305,2009,3305.6
07305,2010,3829.16
07305,2011,7613.48
07305,2012,2083.9700000000003
07305,2013,7110.389999999999
07305,2014,3906.03
07305,2015,6246.25
07305,2016,5631.610000000001
07305,2017,14759.56
07305,2018,16619.71
07305,2019,8732.32
07306,1987,8550.81
07306,1988,2516.21
07306,1989,2622.94
07306,1990,6295.15
07306,1991,2745.33
07306,1992,5639.17
07306,1993,3176.55
07306,1995,6459.08
07306,1996,776.58
07306,1997,334.69
07306,1998,520.35
07306,1999,15513.14
07306,2000,8422.33
07306,2001,18508.56
07306,2002,13087.76
07306,2003,6178.7699999999995
07306,2004,15107.02
07306,2005,28677.710000000003
07306,2006,12657.11
07306,2007,12807.91
07306,2008,12764.09
07306,2009,6213.96
07306,2010,9203.11
07306,2011,4912.76
07306,2012,7416.64
07306,2013,17687.9
07306,2014,9725.48
07306,2015,11823.0
07306,2016,8235.12
07306,2017,5121.71
07306,2018,9966.33
07306,2019,5840.59
07307,1988,5070.18
07307,1989,20058.34
07307,1990,4469.7
07307,1991,2470.49
07307,1992,15713.58
07307,1993,4111.09
07307,1994,6139.45
07307,1995,6293.450000000001
07307,1996,10291.72
07307,1997,334.03
07307,1998,2038.01
07307,1999,16785.63
07307,2000,9408.41
07307,2001,15361.51
07307,2002,20033.47
07307,2003,7228.76
07307,2004,12893.64
07307,2005,22678.38
07307,2006,20375.3
07307,2007,38305.44
07307,2008,23514.86
07307,2009,22885.98
07307,2010,17578.95
07307,2011,22172.4
07307,2012,13286.04
07307,2013,8050.969999999999
07307,2014,19360.26
07307,2015,15002.33
07307,2016,6345.98
07307,2017,13729.27
07307,2018,24542.329999999998
07307,2019,22056.27
07308,1987,2923.17
07308,1988,3306.08
07308,1989,9800.45
07308,1990,8586.4
07308,1991,7782.21
07308,1992,16632.88
07308,1993,6794.23
07308,1994,4936.59
07308,1995,8552.82
07308,1996,596.09
07308,1997,11385.55
07308,1998,10322.31
07308,1999,9085.35
07308,2000,18454.829999999998
07308,2001,13795.72
07308,2002,10147.119999999999
07308,2003,18325.44
07308,2004,13494.07
07308,2005,12139.08
07308,2006,22148.17
07308,2007,21974.96
07308,2008,20893.39
07308,2009,24268.35
07308,2010,26968.75
07308,2011,23610.96
07308,2012,9768.73
07308,2013,16970.24
07308,2014,22178.03
07308,2015,34464.24
07308,2016,19448.14
07308,2017,11811.81
07308,2018,8653.08
07308,2019,11911.41
07309,2009,1822.48
07401,1989,2639.1400000000003
07401,1990,538.93
07401,1992,668.29
07401,1993,4289.639999999999
07401,1994,3164.35
07401,1996,9395.93
07401,1997,1114.48
07401,1999,10488.85
07401,2000,5109.72
07401,2001,9559.18
07401,2002,6453.7699999999995
07401,2003,13846.05
07401,2004,22551.75
07401,2005,1612.49
07401,2006,17899.59
07401,2007,42745.19
07401,2008,54576.65
07401,2009,75510.15
07401,2010,68597.51999999999
07401,2011,36546.39
07401,2012,29437.18
07401,2013,52952.28999999999
07401,2014,22336.16
07401,2015,31693.48
07401,2016,44722.19
07401,2017,67062.69
07401,2018,63167.73
07401,2019,32031.79
07402,1987,561.95
07402,1990,1534.29
07402,1993,635.35
07402,1994,10749.460000000001
07402,1995,1943.19
07402,1996,3798.9700000000003
07402,1998,10377.85
07402,1999,1400.91
07402,2000,27550.61
07402,2001,30850.51
07402,2002,20713.989999999998
07402,2003,13827.96
07402,2004,11832.330000000002
07402,2005,22296.63
07402,2006,3588.8900000000003
07402,2007,8949.86
07402,2008,12483.08
07402,2009,14352.19
07402,2010,9138.91
07402,2011,34895.15
07402,2012,17622.7
07402,2013,47657.61
07402,2014,37335.18
07402,2015,44373.93
07402,2016,21425.54
07402,2017,31362.46
07402,2018,38489.89
07402,2019,66010.48
07403,1989,2292.18
07403,1990,3831.16
07403,1992,2906.02
07403,1993,2394.2
07403,1994,2860.26
07403,1995,2874.87
07403,1996,1313.95
07403,1997,11661.91
07403,1998,8859.27
07403,1999,11726.58
07403,2000,16290.69
07403,2001,19458.15
07403,2002,14421.68
07403,2003,44110.38
07403,2004,16057.77
07403,2005,34635.56
07403,2006,48771.51
07403,2007,38716.04
07403,2008,41397.76
07403,2009,69428.06
07403,2010,31430.92
07403,2011,18578.63
07403,2012,17011.68
07403,2013,27092.75
07403,2014,13840.94
07403,2015,13760.970000000001
07403,2016,32646.18
07403,2017,46415.09
07403,2018,41481.64
07403,2019,40599.63
07404,1988,2145.89
07404,1990,6051.57
07404,1991,1495.35
07404,1992,3656.0
07404,1993,1684.16
07404,1994,9936.31
07404,1995,12452.76
07404,1996,5337.76
07404,1997,20454.37
07404,1998,10030.62
07404,1999,26482.29
07404,2000,22768.9
07404,2001,22767.4
07404,2002,23282.07
07404,2003,32694.11
07404,2004,18298.989999999998
07404,2005,6183.99
07404,2006,27486.32
07404,2007,14449.98
07404,2008,43831.1
07404,2009,25093.23
07404,2010,39297.53
07404,2011,34685.61
07404,2012,20292.99
07404,2013,12966.91
07404,2014,9528.68
07404,2015,6854.6
07404,2016,17516.13
07404,2017,24840.39
07404,2018,21710.81
07404,2019,19706.78
07405,1987,895.39
07405,1988,2888.96
07405,1989,15457.029999999999
07405,1990,4792.51
07405,1991,3743.3599999999997
07405,1992,8401.9
07405,1993,1795.34
07405,1994,7634.2
07405,1995,3339.47
07405,1996,972.87
07405,1997,7872.93
07405,1998,4590.030000000001
07405,1999,2545.38
07405,2000,8772.83
07405,2001,4554.58
07405,2002,10347.7
07405,2003,26083.48
07405,2004,11826.52
07405,2005,15727.4
07405,2006,6971.07
07405,2007,10748.47
07405,2008,15508.67
07405,2009,8296.22
07405,2010,14484.41
07405,2011,26239.71
07405,2012,37106.57
07405,2013,26711.989999999998
07405,2014,45552.31
07405,2015,35119.88
07405,2016,27059.69
07405,2017,27536.45
07405,2018,20419.99
07405,2019,30275.7
07406,1987,1582.32
07406,1990,986.78
07406,1991,2236.57
07406,1995,2675.76
07406,1997,8859.23
07406,1998,12624.25
07406,1999,24738.850000000002
07406,2000,12563.89
07406,2001,18841.2
07406,2002,27103.32
07406,2003,16120.300000000001
07406,2004,7716.4
07406,2005,5712.2699999999995
07406,2006,7909.379999999999
07406,2007,20982.91
07406,2008,6440.13
07406,2009,17288.82
07406,2010,43931.4
07406,2011,7305.24
07406,2012,13908.23
07406,2013,20055.63
07406,2014,7182.54
07406,2015,15344.79
07406,2016,18079.6
07406,2017,24886.329999999998
07406,2018,20145.08
07406,2019,22556.41
07407,1990,4580.02
07407,1991,1765.35
07407,1992,653.01
07407,1993,298.2
07407,1994,1262.51
07407,1996,1480.55
07407,1997,649.0
07407,1999,2744.33
07407,2000,7042.82
07407,2001,1697.83
07407,2003,19051.57
07407,2004,21739.65
07407,2006,3459.08
07407,2007,17058.41
07407,2008,26710.7
07407,2009,26945.629999999997
07407,2010,22116.42
07407,2011,6877.84
07407,2012,7364.98
07407,2013,3983.62
07407,2014,4825.46
07407,2015,14530.130000000001
07407,2016,5550.8099999999995
07407,2017,10617.939999999999
07407,2018,8615.69
07407,2019,1392.22
07408,1989,1050.3
07408,1990,2191.33
07408,1994,6521.11
07408,1995,8398.65
07408,1996,1761.81
07408,1997,5443.629999999999
07408,1998,4538.56
07408,1999,1345.04
07408,2000,2048.98
07408,2001,6476.620000000001
07408,2002,10952.74
07408,2003,26738.47
07408,2004,8984.82
07408,2005,7834.21
07408,2006,17157.15
07408,2007,6774.02
07408,2008,14136.09
07408,2009,11574.07
07408,2010,4180.96
07408,2011,12414.78
07408,2012,3715.2200000000003
07408,2013,10411.15
07408,2014,15754.79
07408,2015,14484.08
07408,2016,11119.54
07408,2017,18547.37
07408,2018,8394.55
07408,2019,10601.27
08102,2008,1041.98
08102,2019,2438.51
08104,2000,947.04
08104,2010,490.46000000000004
08104,2016,991.81
08104,2018,233.56
08105,2017,317.69
08109,2002,3060.22
08109,2012,467.18
08109,2016,1780.42
08109,2017,1650.0
08109,2019,1531.73
08111,2016,863.0799999999999
08201,1999,611.65
08201,2001,6033.9
08201,2002,109.16
08201,2003,319.53
08201,2004,1178.32
08201,2016,856.49
08202,1999,3128.84
08202,2000,1641.04
08202,2001,2732.46
08202,2002,2602.93
08202,2005,437.4
08202,2016,312.44
08203,1999,2275.15
08203,2000,1946.4399999999998
08203,2001,4594.77
08203,2002,12554.68
08203,2003,4159.12
08203,2004,5033.33
08203,2005,8519.130000000001
08203,2006,369.54
08203,2007,284.77
08203,2008,1478.21
08203,2009,1118.4
08203,2010,1232.98
08203,2012,1389.47
08203,2013,1399.21
08203,2016,1113.99
08203,2017,1292.06
08204,2000,128.69
08204,2005,424.54
08204,2008,389.04
08204,2016,256.73
08204,2017,207.57
08204,2018,359.96
08205,2016,471.07
08205,2019,146.94
08206,2002,321.95
08206,2018,315.46
08207,2001,1083.18
08207,2004,325.76
08207,2006,482.15
08207,2014,423.51
08207,2016,1632.26
08301,1991,644.44
08301,1995,2313.5600000000004
08301,1996,9867.2
08301,1997,11920.92
08301,1998,10387.01
08301,1999,26917.079999999998
08301,2000,20142.5
08301,2001,18516.98
08301,2002,32680.46
08301,2003,15537.53
08301,2004,30418.86
08301,2005,24421.98
08301,2006,20040.22
08301,2007,18911.57
08301,2008,38025.24
08301,2009,55667.59
08301,2010,61096.42
08301,2011,97458.77
08301,2012,59046.68
08301,2013,75461.59
08301,2014,64712.97
08301,2015,145884.19
08301,2016,94678.37
08301,2017,129740.16
08301,2018,74576.89
08301,2019,97519.58
08302,2012,487.25
08303,1990,797.65
08303,1993,731.3299999999999
08303,2001,1364.73
08303,2002,7025.67
08303,2003,380.68
08303,2004,12636.17
08303,2007,1999.28
08303,2008,2227.93
08303,2009,2525.84
08303,2010,330.6
08303,2011,16935.620000000003
08303,2013,3897.35
08303,2014,1646.84
08303,2015,10351.87
08303,2016,24112.33
08303,2017,35892.97
08303,2018,19273.37
08303,2019,52130.88
08305,1993,706.43
08305,1996,1141.57
08305,1997,5042.43
08305,1999,2855.41
08305,2000,1851.63
08305,2001,4501.08
08305,2002,1055.97
08305,2003,6176.12
08305,2004,6286.76
08305,2005,1280.96
08305,2006,7193.11
08305,2007,11326.64
08305,2008,10041.119999999999
08305,2009,6096.75
08305,2010,4267.63
08305,2011,8095.22
08305,2012,5177.47
08305,2013,13686.25
08305,2014,5028.12
08305,2015,14359.36
08305,2016,6965.76
08305,2017,5374.4400000000005
08305,2018,9946.39
08305,2019,5407.55
08306,1998,825.41
08306,2001,553.76
08306,2002,1331.08
08306,2005,6661.11
08306,2008,175.09
08306,2009,1308.2
08306,2010,741.56
08306,2016,1858.21
08306,2017,226.6
08307,1991,1901.04
08307,1993,741.65
08307,1995,721.25
08307,1998,13960.14
08307,1999,7982.8099999999995
08307,2000,12619.29
08307,2002,901.84
08307,2003,10270.08
08307,2004,263.99
08307,2005,19028.62
08307,2006,11070.04
08307,2007,6043.43
08307,2008,33082.89
08307,2009,22586.78
08307,2010,1826.22
08307,2011,1724.96
08307,2012,29460.640000000003
08307,2013,2132.56
08307,2014,10789.43
08307,2015,5853.6900000000005
08307,2016,6098.63
08307,2017,31490.78
08307,2018,9695.550000000001
08307,2019,18465.21
08308,1998,1194.57
08308,2002,3858.12
08308,2004,278.75
08308,2006,254.72
08308,2011,748.02
08308,2013,3190.31
08308,2014,1569.56
08308,2015,5857.89
08308,2016,5044.92
08308,2017,912.1
08308,2018,2463.66
08308,2019,413.81
08309,1995,739.25
08309,2003,4808.19
08309,2004,425.78
08309,2009,842.36
08309,2012,4517.6
08309,2014,13322.35
08309,2015,5121.55
08309,2016,957.63
08309,2017,4561.57
08309,2019,7144.5
08310,2017,677.6800000000001
08311,1994,978.19
08311,1996,1832.84
08311,2000,1326.1100000000001
08311,2001,6658.37
08311,2002,8066.58
08311,2004,5822.5599999999995
08311,2005,819.37
08311,2006,2244.6800000000003
08311,2007,1402.43
08311,2008,6061.84
08311,2009,1596.92
08311,2010,4091.15
08311,2011,3096.84
08311,2012,5040.110000000001
08311,2013,3491.0
08311,2014,13314.55
08311,2015,4636.8099999999995
08311,2016,32213.71
08311,2017,31945.199999999997
08311,2018,25776.69
08311,2019,16970.05
08312,1994,1504.49
08312,1998,369.64
08312,2000,540.1
08312,2002,3770.44
08312,2003,412.82
08312,2007,648.69
08312,2010,86.63
08312,2011,3692.4700000000003
08312,2015,906.33
08313,1994,487.52
08313,1999,5896.08
08313,2000,693.83
08313,2002,3372.55
08313,2003,217.82
08313,2005,6686.87
08313,2007,6596.41
08313,2009,414.85
08313,2011,802.04
08313,2012,2630.34
08313,2013,4576.76
08313,2014,4753.16
08313,2015,1092.65
08313,2016,3397.4700000000003
08313,2017,2108.0
08314,2019,708.5999999999999
09101,1993,5426.77
09101,1994,862.25
09101,1995,4058.82
09101,1999,1342.76
09101,2001,328.43
09101,2003,257.93
09101,2007,616.05
09101,2010,606.37
09101,2018,777.6
09101,2019,2271.71
09102,1993,2868.79
09102,1995,1810.38
09102,1997,1149.09
09102,1999,2996.36
09102,2003,1559.74
09102,2006,1161.15
09102,2009,1721.54
09102,2010,1326.04
09102,2012,1471.67
09102,2018,1676.93
09102,2019,800.51
09103,1999,1553.79
09103,2008,5255.3
09103,2009,753.15
09103,2010,952.61
09103,2011,859.1
09103,2013,3810.98
09103,2015,5481.5599999999995
09103,2017,823.66
09103,2018,3983.07
09105,1988,957.24
09105,1990,2091.66
09105,1995,3025.46
09105,1996,1911.13
09105,1997,4049.07
09105,1998,1707.53
09105,1999,324.87
09105,2000,7965.59
09105,2001,5932.57
09105,2002,6284.58
09105,2003,2358.41
09105,2004,4257.4400000000005
09105,2005,2789.5
09105,2006,5313.75
09105,2007,13542.8
09105,2008,3922.79
09105,2009,8111.9
09105,2010,18189.72
09105,2011,13670.67
09105,2012,7432.18
09105,2013,8664.689999999999
09105,2014,3538.31
09105,2015,2217.1
09105,2016,10262.02
09105,2017,5624.58
09105,2018,15996.68
09105,2019,3179.47
09106,1992,2066.57
09106,2000,498.5
09106,2002,598.64
09106,2003,903.9
09106,2006,887.26
09106,2008,2432.76
09106,2012,1038.07
09106,2014,948.72
09106,2015,914.08
09106,2016,4743.24
09106,2017,3550.54
09106,2019,5029.139999999999
09107,1992,1192.34
09107,1999,10728.88
09107,2001,10060.460000000001
09107,2002,1276.65
09107,2003,1472.01
09107,2004,240.61
09107,2005,3366.06
09107,2006,892.43
09107,2007,7885.83
09107,2008,1161.5
09107,2009,5199.04
09107,2010,1563.71
09107,2013,5562.9400000000005
09107,2018,525.35
09107,2019,690.55
09108,1988,1657.27
09108,1997,1100.28
09108,2000,1173.34
09108,2003,1501.88
09108,2005,730.6600000000001
09108,2006,2888.52
09108,2008,3118.3199999999997
09108,2009,3190.66
09108,2010,1195.4
09108,2014,953.95
09108,2015,391.98
09108,2016,376.16
09108,2018,1250.99
09108,2019,3433.38
09109,1992,4607.18
09109,2006,1406.0
09109,2007,878.46
09109,2008,1347.66
09109,2009,3044.91
09109,2010,5120.99
09109,2012,1120.34
09109,2013,1356.01
09109,2016,3872.05
09109,2017,978.53
09109,2018,936.3199999999999
09110,2000,719.3
09110,2005,4331.51
09110,2008,4670.57
09110,2013,1263.67
09110,2016,833.59
09110,2018,1456.4
09110,2019,638.85
09111,1993,1669.2800000000002
09111,1995,1678.4
09111,1996,8201.83
09111,1999,685.81
09111,2000,2425.56
09111,2002,12576.26
09111,2003,2533.33
09111,2004,1645.24
09111,2005,609.55
09111,2007,490.37
09111,2009,12061.220000000001
09111,2010,3328.61
09111,2011,4320.4
09111,2012,7012.0
09111,2013,3400.9700000000003
09111,2014,3881.09
09111,2015,7151.21
09111,2016,901.81
09111,2017,11008.52
09111,2018,16248.68
09111,2019,9121.87
09112,2002,881.06
09112,2006,70.42
09112,2007,687.16
09112,2008,1249.83
09112,2009,878.39
09112,2010,212.4
09112,2011,1508.5
09112,2012,18012.63
09112,2013,1149.6
09112,2014,5257.1900000000005
09112,2016,2539.31
09112,2017,1612.63
09112,2018,18880.62
09112,2019,1186.72
09113,1989,4851.6
09113,1991,4877.74
09113,2000,1515.29
09113,2001,3694.15
09113,2002,3055.7200000000003
09113,2003,2104.55
09113,2007,1130.03
09113,2008,6909.54
09113,2009,962.42
09113,2010,1561.38
09113,2011,4590.88
09113,2012,7093.77
09113,2013,2908.3199999999997
09113,2014,8480.99
09113,2017,2636.15
09113,2018,4963.75
09113,2019,4146.0599999999995
09114,1999,1652.2
09114,2000,1297.72
09114,2001,1408.12
09114,2003,384.52
09114,2008,2440.9900000000002
09114,2009,1055.46
09114,2011,2607.94
09114,2013,897.85
09114,2014,1821.26
09114,2016,256.6
09114,2018,3691.45
09114,2019,4639.1
09115,1988,6014.99
09115,2002,530.73
09115,2004,603.44
09115,2005,1177.62
09115,2010,405.43
09115,2016,3369.37
09115,2018,2102.04
09116,2003,493.12
09116,2010,1682.12
09116,2018,1484.55
09117,2001,1882.93
09117,2002,1248.45
09117,2004,3810.26
09117,2005,1725.56
09117,2007,1350.38
09117,2008,3879.96
09117,2009,6273.76
09117,2010,5157.76
09117,2012,10208.96
09117,2013,10365.82
09117,2014,1235.57
09117,2015,4592.219999999999
09117,2016,4550.58
09117,2017,549.54
09117,2018,5240.5599999999995
09117,2019,5412.75
09118,1990,3732.14
09118,1993,12733.59
09118,1995,13863.279999999999
09118,1996,9647.43
09118,1997,3378.54
09118,1998,2485.17
09118,1999,609.37
09118,2000,541.32
09118,2001,6582.9400000000005
09118,2002,1469.42
09118,2003,1730.93
09118,2007,2418.09
09118,2008,531.63
09118,2009,1160.26
09118,2010,1561.04
09118,2012,1143.31
09118,2013,2101.8
09118,2015,2758.8900000000003
09118,2016,3751.61
09118,2018,1064.3700000000001
09119,1988,4052.7400000000002
09119,1998,1592.6399999999999
09119,1999,1155.5
09119,2000,592.86
09119,2001,1912.6599999999999
09119,2002,5312.46
09119,2008,10427.04
09119,2009,7414.499999999999
09119,2010,11756.79
09119,2011,18039.37
09119,2012,5224.73
09119,2013,9004.83
09119,2014,6076.76
09119,2015,8892.19
09119,2016,14232.81
09119,2017,5028.099999999999
09119,2018,9888.18
09119,2019,1958.32
09120,1988,1549.69
09120,1989,644.76
09120,2000,692.8
09120,2001,563.04
09120,2002,682.73
09120,2004,1092.03
09120,2005,871.78
09120,2007,7704.389999999999
09120,2008,207.41
09120,2009,3953.34
09120,2010,5098.26
09120,2011,4061.71
09120,2012,1902.24
09120,2013,1367.39
09120,2018,655.58
09120,2019,2863.3
09121,2010,765.54
09121,2016,1132.48
09121,2018,1422.32
09121,2019,1347.95
09201,1992,1055.57
09201,1993,2034.24
09201,1995,17204.76
09201,1996,6235.17
09201,1998,427.86
09201,2000,1014.37
09201,2001,2506.42
09201,2002,1731.48
09201,2003,3793.25
09201,2004,4692.38
09201,2005,3247.54
09201,2006,3442.48
09201,2007,5355.51
09201,2008,1866.44
09201,2009,1801.77
09201,2010,2015.39
09201,2011,2587.77
09201,2013,23457.190000000002
09201,2014,6919.01
09201,2015,3190.24
09201,2017,1989.18
09201,2018,5709.92
09201,2019,3066.22
09202,1993,4006.21
09202,1997,7301.389999999999
09202,1998,1074.71
09202,1999,253.36
09202,2000,548.94
09202,2001,171.04
09202,2002,644.9200000000001
09202,2003,996.25
09202,2005,1198.45
09202,2006,267.3
09202,2007,6735.7
09202,2008,1595.03
09202,2009,1299.79
09202,2012,2844.37
09202,2013,2027.7399999999998
09202,2014,3915.78
09202,2017,1948.1599999999999
09202,2018,4948.45
09202,2019,5949.41
09203,1998,5021.92
09203,2000,1995.97
09203,2001,954.99
09203,2007,3981.21
09203,2008,5497.26
09203,2009,1115.96
09203,2010,631.18
09203,2011,1439.01
09203,2018,2071.03
09204,1995,5313.37
09204,2009,3063.38
09204,2011,3018.76
09204,2012,2724.97
09204,2018,358.07
09205,1999,1898.8600000000001
09205,2000,10613.83
09205,2003,22641.26
09205,2004,3292.94
09205,2009,251.56
09205,2012,1919.5
09205,2016,6049.76
09205,2017,4220.04
09205,2018,6761.4
09205,2019,3174.89
09206,1987,1914.74
09206,2001,989.79
09206,2002,543.94
09206,2003,391.97
09206,2008,2711.7
09206,2009,9582.35
09206,2011,1569.46
09206,2012,1420.49
09206,2014,529.25
09206,2016,1031.83
09206,2017,3776.23
09206,2018,7920.85
09207,2001,915.09
09207,2002,898.1
09207,2009,359.54
09207,2019,2435.47
09208,1996,2479.37
09208,1998,8295.35
09208,2001,8813.83
09208,2002,32471.170000000002
09208,2003,34802.4
09208,2004,26854.73
09208,2005,18443.81
09208,2006,7783.16
09208,2008,1573.8
09208,2009,111.37
09208,2015,1345.52
09208,2018,713.36
09209,1995,14092.48
09209,1996,2171.9
09209,1997,14732.53
09209,1998,9989.66
09209,1999,2143.45
09209,2000,474.5
09209,2001,2737.94
09209,2002,1243.98
09209,2003,1611.42
09209,2004,5931.23
09209,2005,3111.22
09209,2006,13215.36
09209,2007,1952.96
09209,2008,15918.45
09209,2009,9355.74
09209,2010,24469.19
09209,2011,15673.36
09209,2012,5335.29
09209,2013,15694.66
09209,2014,3984.68
09209,2015,11517.89
09209,2016,13113.15
09209,2017,17852.73
09209,2018,20181.36
09209,2019,48352.45
09210,1995,2499.73
09210,1996,4913.0
09210,2000,2831.71
09210,2002,3205.36
09210,2004,1569.81
09210,2005,421.74
09210,2006,4633.43
09210,2008,6864.1
09210,2009,5163.22
09210,2010,9019.09
09210,2011,2421.23
09210,2012,2831.76
09210,2013,3098.9700000000003
09210,2014,707.0799999999999
09210,2015,8366.73
09210,2016,4654.46
09210,2017,5681.8
09210,2018,14511.61
09210,2019,6707.68
09211,1988,2943.9
09211,1990,2104.29
09211,1998,1816.53
09211,1999,1179.27
09211,2000,3546.3
09211,2001,2575.55
09211,2002,1899.3
09211,2003,1485.91
09211,2005,4696.3
09211,2007,20010.06
09211,2008,11809.16
09211,2009,11106.53
09211,2010,13938.7
09211,2011,10297.9
09211,2012,6114.91
09211,2013,391.4
09211,2014,11958.6
09211,2015,2662.12
09211,2016,1731.66
09211,2017,4516.36
09211,2018,10058.03
09211,2019,7717.360000000001
10101,2000,296.63
10101,2005,326.53
10101,2009,811.11
10101,2010,1176.55
10101,2013,910.85
10101,2018,358.9
10101,2019,770.26
10104,1998,1538.02
10104,1999,2334.31
10104,2006,1678.64
10104,2009,254.48
10104,2010,3978.44
10104,2011,4766.12
10104,2012,2034.3400000000001
10104,2013,6472.09
10104,2014,1540.9
10104,2017,2458.32
10104,2018,5490.12
10104,2019,4751.55
10105,1999,3445.86
10105,2001,9934.83
10105,2002,998.47
10105,2003,8677.16
10105,2005,9149.87
10105,2006,5402.51
10105,2007,8710.98
10105,2008,3067.0699999999997
10105,2009,2056.59
10105,2010,2327.6
10105,2011,8660.15
10105,2012,9320.72
10105,2013,2872.3500000000004
10105,2015,1364.99
10105,2016,3512.3199999999997
10105,2017,8681.91
10105,2018,4483.46
10105,2019,719.3
10106,2000,311.81
10106,2005,368.68
10106,2006,426.44
10106,2009,2468.07
10106,2012,1509.42
10106,2015,1838.25
10106,2016,2069.16
10106,2018,3034.5299999999997
10106,2019,2763.2200000000003
10107,2007,1321.98
10107,2008,3927.6
10107,2009,767.26
10107,2010,1029.61
10107,2013,907.48
10107,2014,3092.45
10107,2015,1435.18
10107,2017,1079.34
10107,2018,776.23
10107,2019,1794.65
10108,1997,2067.86
10108,1998,4666.2699999999995
10108,2001,1746.6
10108,2004,3177.45
10108,2007,2611.15
10108,2010,680.77
10108,2012,1208.8899999999999
10108,2015,578.14
10108,2018,359.2
10109,2003,358.92
10109,2007,506.76
10109,2008,1655.6100000000001
10109,2009,536.49
10109,2017,1125.1
10109,2018,3272.0299999999997
10109,2019,1793.3000000000002
10201,2003,738.6
10202,1996,9494.59
10202,1997,1653.01
10202,2003,265.43
10202,2004,3184.79
10202,2007,1685.43
10202,2008,258.37
10202,2010,871.94
10202,2012,1509.92
10202,2018,4593.47
10203,2007,1700.5
10203,2010,1078.41
10205,2006,1238.65
10209,1997,2469.37
10209,1999,913.62
10301,1988,1168.76
10301,1995,774.34
10301,1996,3972.88
10301,1997,262.11
10301,1999,499.86
10301,2000,859.01
10301,2002,12557.34
10301,2003,1137.54
10301,2004,5441.43
10301,2005,5326.41
10301,2006,4644.49
10301,2007,3741.62
10301,2008,7124.78
10301,2009,8060.860000000001
10301,2010,11308.65
10301,2011,4782.3
10301,2012,2870.96
10301,2013,1609.47
10301,2014,1138.51
10301,2015,5092.9
10301,2016,1428.59
10301,2017,845.51
10301,2018,3726.27
10301,2019,4324.35
10302,1990,1344.61
10302,1993,2986.96
10302,2003,610.27
10302,2004,2598.53
10302,2005,3753.29
10302,2006,802.5699999999999
10302,2007,2179.16
10302,2008,6588.200000000001
10302,2014,1035.36
10302,2015,3369.85
10302,2016,3295.8599999999997
10302,2019,2157.8999999999996
10303,1991,1533.82
10303,1995,904.46
10303,1997,7178.639999999999
10303,2000,2393.7
10303,2002,2156.95
10303,2003,5480.18
10303,2004,2584.5099999999998
10303,2005,1538.35
10303,2006,8404.79
10303,2007,2761.05
10303,2008,11567.18
10303,2009,12069.33
10303,2010,11034.82
10303,2011,6834.16
10303,2012,9779.98
10303,2013,6684.69
10303,2014,6366.0599999999995
10303,2015,2052.61
10303,2016,3853.24
10303,2017,2417.63
10303,2018,5170.55
10303,2019,9140.03
10304,2001,324.85
10304,2003,2759.33
10304,2004,1162.45
10304,2005,2769.16
10304,2006,1283.67
10304,2007,2344.72
10304,2008,3237.17
10304,2009,5142.64
10304,2017,7208.74
10304,2019,2844.31
10305,1998,1080.99
10305,2000,923.98
10305,2002,2124.71
10305,2003,971.23
10305,2004,477.44
10305,2006,5969.98
10305,2007,14601.25
10305,2008,21009.95
10305,2009,10513.380000000001
10305,2010,11111.43
10305,2011,3528.74
10305,2012,8473.94
10305,2013,2428.9
10305,2014,3883.36
10305,2015,3528.42
10305,2016,318.51
10305,2017,4733.21
10305,2018,4830.76
10305,2019,2760.1
10306,2000,951.38
10306,2019,2881.5899999999997
10307,1996,858.83
10307,1997,3042.91
10307,1998,2814.25
10307,2001,8109.049999999999
10307,2004,441.29
10307,2005,1103.03
10307,2007,613.78
10307,2008,2713.11
10307,2009,7286.7
10307,2010,6744.860000000001
10307,2011,1746.77
10307,2012,3402.75
10307,2013,1358.18
10307,2015,1478.71
10307,2016,712.31
10307,2018,7143.56
10307,2019,5364.51
10402,2005,1117.54
11101,1998,2695.79
11101,1999,14769.89
11101,2000,7002.21
11101,2001,3639.02
11101,2002,2733.86
11101,2003,4722.7
11101,2004,3710.8999999999996
11101,2005,2934.8199999999997
11101,2007,2351.0099999999998
11101,2010,2290.09
11101,2011,3828.06
11101,2013,1953.35
11101,2014,3625.4700000000003
11101,2015,12014.16
11101,2016,1992.23
11101,2017,5195.84
11101,2018,1139.73
11102,2006,564.59
11201,2002,642.68
11201,2003,1357.22
11202,2001,1354.37
11202,2003,1017.94
11202,2012,1868.74
11301,2000,654.3
11301,2003,795.15
11301,2007,2049.55
11301,2015,2507.71
11401,1996,11834.82
11401,1997,3515.0
11401,2000,3999.3
11401,2002,1639.88
11401,2003,2449.12
11401,2004,8513.68
11401,2006,3196.75
11401,2008,467.51
11401,2010,4079.57
11401,2011,2415.9799999999996
11401,2013,7684.049999999999
11401,2015,12503.07
11401,2016,1922.13
11401,2017,7083.389999999999
11401,2018,6377.22
11401,2019,8355.61
11402,1997,1776.14
11402,2001,1969.18
11402,2003,298.97
11402,2005,715.93
11402,2009,2039.5299999999997
11402,2010,3130.45
11402,2011,3976.97
11402,2014,4404.41
11402,2019,1276.83
12101,1999,820.18
12101,2000,562.28
12101,2001,856.3
12101,2010,169.07
12101,2012,781.54
12101,2013,826.3399999999999
12101,2016,302.48
12101,2019,2849.61
12102,1998,3617.07
12102,1999,217.62
12102,2001,1980.6399999999999
12102,2018,3005.83
12103,1999,1858.44
12103,2004,3029.62
12103,2012,589.3
12104,1996,274.37
12104,1997,643.36
12104,1998,3480.5699999999997
12104,2006,780.18
12104,2009,389.14
12104,2013,1907.6
12301,1990,4583.9
12301,1998,2466.46
12301,2000,562.34
12301,2001,1138.1
12301,2002,1385.54
12301,2003,1129.45
12301,2004,1010.8
12301,2005,1859.58
12301,2007,5088.16
12301,2019,495.24
12302,1999,1651.0500000000002
12302,2000,2851.71
12302,2002,1949.8
12302,2003,1173.93
12302,2004,1322.87
12302,2005,1260.88
12302,2006,3174.42
12302,2009,957.52
12302,2010,749.38
12302,2013,467.18
12302,2017,3672.22
12302,2019,6764.84
12401,1996,2182.2200000000003
12401,1997,980.53
12401,1998,5161.39
12401,1999,2352.31
12401,2000,1442.24
12401,2001,988.33
12401,2009,414.55
12401,2013,1062.61
12401,2014,490.0
12401,2019,2702.38
12402,1999,1394.6399999999999
12402,2002,1783.4
12402,2003,944.48
12402,2004,1239.72
12402,2006,2505.22
13104,1988,1270.55
13112,2001,1050.06
13114,1988,1687.3
13114,2002,313.24
13114,2019,3169.15
13115,1987,222.04
13119,1988,2033.1
13119,1990,2321.14
13119,1993,557.99
13119,1999,900.13
13119,2004,434.84
13119,2016,648.99
13119,2017,2730.92
13124,1988,4252.95
13124,1989,1860.91
13124,1990,12455.6
13124,1991,175.68
13124,1992,8405.560000000001
13124,1993,752.46
13124,1997,1154.17
13124,1999,424.0
13124,2001,469.34
13124,2003,933.07
13124,2014,920.93
13124,2016,6348.51
13125,1989,1526.56
13125,1990,7397.530000000001
13128,1989,4184.64
13128,1990,2425.31
13128,1994,695.64
13128,1997,1678.28
13128,1998,2207.83
13202,1987,2217.53
13202,1988,9566.8
13202,1989,6058.85
13202,1990,2325.63
13202,1991,591.66
13202,1994,5274.21
13202,2003,2618.28
13202,2006,3067.58
13202,2007,252.38
13202,2008,1288.7
13202,2009,867.72
13202,2010,499.77
13202,2012,2556.42
13202,2013,1209.9099999999999
13202,2015,12971.19
13202,2016,1306.13
13202,2017,1942.4099999999999
13202,2018,3518.49
13202,2019,725.61
13203,1987,2134.7
13203,1989,4466.66
13203,1993,3128.09
13203,2012,2901.83
13203,2014,1558.04
13203,2016,1218.06
13203,2017,733.43
13301,1987,12949.2
13301,1988,33582.54
13301,1989,3119.8
13301,1990,3693.92
13301,1991,14818.96
13301,1992,14255.720000000001
13301,1993,5138.6900000000005
13301,1994,631.04
13301,1995,3110.3
13301,1996,674.13
13301,1997,1734.96
13301,1998,4644.1
13301,1999,1196.88
13301,2001,1006.7
13301,2002,2077.71
13301,2003,11055.539999999999
13301,2004,885.53
13301,2006,4713.35
13301,2007,1224.3200000000002
13301,2008,2726.83
13301,2009,976.6099999999999
13301,2010,6998.58
13301,2011,4985.02
13301,2012,1381.3600000000001
13301,2014,1319.29
13301,2015,1325.13
13301,2016,3528.63
13301,2017,2252.1800000000003
13301,2019,8669.54
13302,1987,6351.83
13302,1988,15715.2
13302,1989,9659.279999999999
13302,1990,2506.49
13302,1992,4815.389999999999
13302,1993,3860.09
13302,1994,405.25
13302,1995,4396.88
13302,1996,2588.54
13302,1997,551.38
13302,1998,1162.41
13302,1999,4294.82
13302,2000,781.03
13302,2001,368.73
13302,2002,2702.0
13302,2003,1986.4
13302,2004,6115.74
13302,2005,2572.12
13302,2006,1455.32
13302,2007,8991.12
13302,2008,1426.52
13302,2009,10058.89
13302,2010,1108.11
13302,2011,2383.51
13302,2012,5225.21
13302,2013,641.3
13302,2014,2597.23
13302,2015,2579.22
13302,2016,306.06
13302,2017,1137.75
13302,2019,5756.41
13303,1987,911.48
13303,1988,16513.190000000002
13303,1989,2815.2799999999997
13303,1990,13996.4
13303,1991,6968.91
13303,1992,2068.64
13303,1993,5114.22
13303,1994,715.5
13303,1995,1458.63
13303,1996,1469.65
13303,1997,4047.64
13303,1998,21634.54
13303,1999,2633.51
13303,2000,509.21
13303,2001,780.55
13303,2002,971.71
13303,2003,4235.18
13303,2004,9560.72
13303,2005,341.81
13303,2008,1511.96
13303,2009,1843.12
13303,2010,1378.87
13303,2011,3657.9700000000003
13303,2012,6736.86
13303,2013,493.74
13303,2015,9176.55
13303,2016,3180.48
13303,2019,664.41
13401,1989,899.83
13401,1991,674.63
13401,1995,720.8
13401,1997,557.5
13401,1998,3549.39
13401,1999,4952.92
13401,2003,108.89
13401,2008,233.22
13401,2009,4416.14
13401,2010,6812.32
13401,2011,1477.2
13401,2012,5648.68
13401,2013,623.41
13401,2014,4011.05
13401,2015,1070.28
13401,2016,750.69
13401,2018,1100.74
13401,2019,3379.04
13402,1989,1198.37
13402,1990,5494.48
13402,1991,3921.79
13402,1992,2141.16
13402,1993,2167.01
13402,1994,701.67
13402,1997,2273.98
13402,1998,512.87
13402,2000,402.46
13402,2001,1624.69
13402,2003,2228.53
13402,2005,3112.3
13402,2006,3652.62
13402,2007,1846.53
13402,2008,194.02
13402,2009,23788.52
13402,2010,1606.92
13402,2011,878.7
13402,2012,1313.3
13402,2013,3060.57
13402,2014,4428.01
13402,2015,5550.29
13402,2016,5519.29
13402,2017,3688.82
13402,2018,2300.9700000000003
13403,1988,494.19
13403,1991,1389.18
13403,1994,819.75
13403,1998,1969.96
13403,2000,1206.01
13403,2005,2193.52
13403,2007,1418.74
13403,2008,1012.17
13403,2009,2382.93
13403,2012,1084.8400000000001
13403,2014,1069.27
13403,2015,250.27
13403,2016,1118.82
13403,2017,573.77
13403,2018,1536.92
13403,2019,1662.37
13404,1987,4249.76
13404,1988,1015.62
13404,1989,4849.86
13404,1990,7293.22
13404,1992,1629.21
13404,1993,2759.8
13404,1994,1283.77
13404,1997,2659.06
13404,1998,1247.8600000000001
13404,1999,316.48
13404,2000,2174.7599999999998
13404,2001,4218.31
13404,2002,3438.61
13404,2003,1453.3
13404,2004,1039.06
13404,2005,10915.95
13404,2006,3961.9
13404,2007,6465.14
13404,2008,3790.8
13404,2009,3316.08
13404,2010,503.96999999999997
13404,2011,7023.83
13404,2012,346.25
13404,2013,1132.24
13404,2014,2058.01
13404,2015,6576.08
13404,2016,6325.08
13404,2017,1900.13
13404,2018,3848.13
13404,2019,4650.23
13501,1988,1190.2
13501,1989,22639.99
13501,1990,10861.81
13501,1991,4464.65
13501,1992,4359.04
13501,1993,13132.83
13501,1994,8705.81
13501,1995,8052.15
13501,1996,3092.52
13501,1997,1271.8
13501,1998,4399.3
13501,1999,8708.29
13501,2000,3237.4
13501,2001,4695.33
13501,2002,6534.89
13501,2003,11554.05
13501,2004,4719.38
13501,2005,16534.4
13501,2006,14242.44
13501,2007,27233.3
13501,2008,9864.29
13501,2009,21012.16
13501,2010,3888.23
13501,2011,15032.509999999998
13501,2012,12252.210000000001
13501,2013,8004.46
13501,2014,19132.57
13501,2015,10857.29
13501,2016,22679.94
13501,2017,18953.0
13501,2018,28290.07
13501,2019,26549.97
13502,1990,5397.45
13502,1993,390.26
13502,1994,1639.55
13502,1995,1253.88
13502,2000,4385.030000000001
13502,2001,6314.33
13502,2005,967.3
13502,2006,2499.23
13502,2007,8514.2
13502,2008,1097.5
13502,2009,1005.97
13502,2014,776.38
13502,2015,2747.69
13502,2016,2169.55
13502,2019,278.37
13503,1987,1113.7
13503,1988,4213.22
13503,1990,1575.7
13503,1991,4320.8
13503,1992,1378.61
13503,1993,1183.02
13503,1994,1202.3400000000001
13503,1996,235.28
13503,1997,1224.29
13503,1999,1523.68
13503,2003,399.72
13503,2006,2816.7
13503,2007,1844.06
13503,2008,230.78
13503,2009,9519.76
13503,2012,663.1600000000001
13503,2013,1179.5
13503,2015,1013.32
13503,2018,2576.32
13504,1988,10399.43
13504,1989,1440.83
13504,1990,4763.67
13504,1991,2762.04
13504,1992,3130.5299999999997
13504,1993,1885.48
13504,1994,1499.49
13504,1996,1065.5
13504,1998,4788.37
13504,1999,2496.0
13504,2001,6056.740000000001
13504,2002,3783.22
13504,2004,111.44
13504,2005,243.87
13504,2006,4291.79
13504,2008,7304.950000000001
13504,2009,9334.26
13504,2010,16307.81
13504,2011,13128.5
13504,2012,24363.17
13504,2013,3811.2799999999997
13504,2014,2800.71
13504,2016,3886.41
13504,2017,695.4
13504,2018,11863.89
13504,2019,11754.41
13505,1987,1748.84
13505,1989,3844.24
13505,1991,1714.23
13505,1992,2260.9
13505,1993,442.04
13505,1994,7253.04
13505,1995,1575.39
13505,1996,3520.82
13505,1997,1626.91
13505,1998,3460.0499999999997
13505,1999,4876.53
13505,2000,1911.02
13505,2001,4840.6
13505,2002,2235.91
13505,2003,2317.43
13505,2004,8797.63
13505,2007,5960.31
13505,2008,5386.35
13505,2009,10448.119999999999
13505,2011,24602.489999999998
13505,2012,15280.28
13505,2014,5932.05
13505,2015,4539.58
13505,2016,392.35
13505,2017,3234.49
13505,2018,1243.38
13505,2019,3002.12
13601,1987,301.06
13601,1989,1124.74
13601,1990,432.83
13601,1991,867.19
13601,1996,1719.26
13601,1998,1334.35
13601,2001,599.65
13601,2003,573.25
13601,2004,712.93
13601,2005,823.21
13601,2006,1901.3999999999999
13601,2007,1339.04
13601,2008,3384.16
13601,2011,1654.8000000000002
13601,2012,2918.64
13601,2016,2400.44
13601,2017,426.6
13601,2018,1391.21
13601,2019,2607.16
13602,1987,2437.8
13602,1990,2149.2
13602,1992,677.37
13602,1993,929.6899999999999
13602,1994,4101.62
13602,1996,1838.6
13602,1997,2904.61
13602,2002,1620.4099999999999
13602,2003,993.61
13602,2004,994.13
13602,2005,1043.0
13602,2007,1664.48
13602,2008,1775.4699999999998
13602,2011,3101.01
13602,2012,455.12
13602,2013,2333.13
13602,2014,1153.19
13602,2015,786.01
13602,2018,641.43
13602,2019,2404.17
13603,1987,4110.03
13603,1990,4898.19
13603,1992,2236.9700000000003
13603,1993,3385.0299999999997
13603,1995,989.04
13603,1996,668.98
13603,1998,2302.23
13603,2000,458.03
13603,2001,1016.02
13603,2002,408.2
13603,2003,4320.51
13603,2004,705.02
13603,2005,1726.61
13603,2008,974.83
13603,2009,705.45
13603,2011,848.2
13603,2013,918.98
13603,2015,1091.13
13603,2018,1537.19
13603,2019,818.02
13604,2003,741.07
13604,2006,3462.03
13604,2009,774.12
13604,2019,1344.1
13605,1989,4422.43
13605,1990,4377.4
13605,1991,1187.69
13605,1992,1201.87
13605,1993,525.6
13605,1994,876.68
13605,2003,540.52
13605,2010,192.66
13605,2013,669.35
13605,2019,1214.53
14101,1990,1182.91
14101,2002,1280.9
14101,2003,2542.25
14101,2009,327.0
14101,2010,120.12
14101,2011,1246.95
14101,2015,584.7
14101,2016,348.09
14101,2018,4372.1
14101,2019,632.35
14103,1997,4521.18
14103,1998,2770.55
14103,1999,692.58
14103,2000,2348.51
14103,2002,990.1
14103,2004,1420.42
14103,2007,2636.8
14103,2008,2689.63
14103,2010,1488.92
14103,2011,812.01
14103,2012,1359.88
14103,2013,1224.03
14103,2017,464.32
14103,2018,7055.959999999999
14103,2019,738.28
14104,1998,2640.6400000000003
14104,1999,609.37
14104,2001,1481.43
14104,2002,952.91
14104,2003,3010.15
14104,2004,2324.81
14104,2006,3217.91
14104,2007,5744.84
14104,2009,2494.8999999999996
14104,2010,1685.14
14104,2012,4605.27
14104,2017,943.91
14104,2018,887.86
14104,2019,4306.0
14105,1999,2889.52
14105,2001,493.91
14105,2002,921.13
14105,2003,3133.9
14105,2004,1198.71
14105,2006,2196.86
14105,2007,314.65
14105,2008,7907.6
14105,2011,3310.8599999999997
14105,2013,5310.25
14105,2014,4101.21
14105,2015,1950.57
14105,2018,3052.44
14105,2019,1732.34
14106,1992,1611.25
14106,2000,1143.4
14106,2001,1329.29
14106,2003,5356.62
14106,2004,275.87
14106,2006,5068.06
14106,2007,2718.9300000000003
14106,2008,9231.75
14106,2009,10217.35
14106,2010,13901.86
14106,2011,1753.16
14106,2012,2200.66
14106,2013,2240.62
14106,2015,5252.02
14106,2017,1928.71
14106,2018,1764.64
14106,2019,5480.01
14107,2003,3173.15
14107,2004,1328.26
14107,2006,5099.92
14107,2007,837.21
14107,2008,5708.14
14107,2009,9447.009999999998
14107,2010,3020.99
14107,2011,8955.21
14107,2012,1240.14
14107,2013,3439.13
14107,2014,6106.89
14107,2015,6246.66
14107,2016,1339.5
14107,2018,7865.22
14107,2019,7636.07
14108,2000,1897.27
14108,2002,2328.39
14108,2004,131.44
14108,2005,1050.57
14108,2006,12797.57
14108,2007,4595.75
14108,2008,1921.23
14108,2009,3365.5
14108,2010,2430.22
14108,2011,4998.38
14108,2012,1767.59
14108,2013,5509.43
14108,2015,2136.96
14108,2018,2509.66
14108,2019,5379.68
14201,1988,1815.22
14201,1989,5544.77
14201,1996,1376.45
14201,1999,1698.18
14201,2001,2499.1499999999996
14201,2004,2965.46
14201,2006,12417.220000000001
14201,2007,11803.19
14201,2008,9697.62
14201,2009,12711.85
14201,2010,3227.3900000000003
14201,2011,19555.79
14201,2012,8010.91
14201,2013,14692.8
14201,2014,5278.75
14201,2015,2717.71
14201,2016,6522.87
14201,2017,2361.62
14201,2018,7896.17
14201,2019,20292.83
14202,1988,2318.4
14202,2000,571.95
14202,2003,1315.06
14202,2006,2942.91
14202,2010,3964.71
14202,2011,594.63
14202,2012,2008.63
14202,2016,852.77
14202,2019,3001.39
14203,2004,347.92
14203,2008,5617.84
14203,2010,445.88
14203,2015,2900.76
14203,2019,1259.74
14204,1992,1388.75
14204,1995,766.21
14204,1996,8647.369999999999
14204,1997,7686.120000000001
14204,1998,1420.87
14204,1999,1790.15
14204,2000,4392.6
14204,2001,2182.99
14204,2002,5571.41
14204,2004,1676.2800000000002
14204,2005,1305.32
14204,2006,7717.08
14204,2007,5716.26
14204,2008,6544.2699999999995
14204,2009,5546.02
14204,2010,7862.6
14204,2011,12359.789999999999
14204,2012,9526.26
14204,2013,3858.46
14204,2015,4475.2300000000005
14204,2016,8163.360000000001
14204,2018,6002.54
14204,2019,17471.16
15101,1989,247.68
15101,1990,2410.1800000000003
15101,1991,1845.63
15101,1994,4280.69
15101,1998,9756.060000000001
15101,1999,19189.760000000002
15101,2000,3937.67
15101,2001,16821.84
15101,2002,17032.239999999998
15101,2003,57429.58
15101,2004,7739.4800000000005
15101,2006,2553.59
15101,2007,9489.65
15101,2008,7396.26
15101,2009,21070.66
15101,2010,19934.66
15101,2011,27742.239999999998
15101,2012,22780.760000000002
15101,2013,30247.21
15101,2014,49027.99
15101,2015,33145.79
15101,2016,57627.28
15101,2017,46086.58
15101,2018,58837.0
15101,2019,70509.19
15102,2002,4467.48
15102,2004,4085.53
15102,2006,3969.3399999999997
15102,2007,15154.029999999999
15102,2009,1919.37
15102,2010,2029.0
15102,2011,7020.03
15102,2012,8259.19
15102,2013,7325.6900000000005
15102,2014,9605.11
15102,2015,6775.16
15102,2016,4118.87
15102,2017,7978.139999999999
15102,2018,4396.1
15102,2019,12956.93
15201,1994,2262.83
15201,1995,2085.33
15201,1997,2099.73
15201,2001,3219.15
15201,2002,4502.85
15201,2003,6762.1900000000005
15201,2004,5443.38
15201,2005,7813.0
15201,2006,1923.35
15201,2007,8596.46
15201,2008,13543.279999999999
15201,2009,2417.23
15201,2010,5847.8099999999995
15201,2011,8719.89
15201,2012,9895.89
15201,2013,23055.41
15201,2014,10059.34
15201,2015,15385.039999999999
15201,2016,19261.6
15201,2017,16918.88
15201,2018,17073.79
15201,2019,16272.04
16101,1989,3767.7299999999996
16101,1990,237.62
16101,1991,572.75
16101,1993,426.45
16101,1995,4261.88
16101,1996,3138.58
16101,1997,2951.94
16101,1998,12554.39
16101,1999,3327.27
16101,2000,4849.63
16101,2001,5572.68
16101,2002,8721.24
16101,2003,7954.780000000001
16101,2004,10762.15
16101,2005,4309.12
16101,2006,1311.1399999999999
16101,2007,7503.87
16101,2008,10169.15
16101,2009,6831.400000000001
16101,2010,11362.6
16101,2011,6140.09
16101,2012,2400.6000000000004
16101,2013,9796.36
16101,2014,15690.380000000001
16101,2015,2761.71
16101,2016,12174.529999999999
16101,2017,10647.62
16101,2018,8085.73
16101,2019,7000.64
16102,1988,1156.04
16102,1994,1555.42
16102,1996,813.97
16102,1998,490.75
16102,1999,827.42
16102,2000,6156.6900000000005
16102,2001,9581.58
16102,2002,7342.86
16102,2003,3222.44
16102,2004,5867.5599999999995
16102,2005,2585.13
16102,2006,2661.16
16102,2007,6141.4400000000005
16102,2008,4904.89
16102,2009,12579.75
16102,2010,12647.41
16102,2011,10394.72
16102,2012,14318.09
16102,2013,11757.29
16102,2014,14073.52
16102,2015,8256.85
16102,2016,8185.0
16102,2017,8871.75
16102,2018,22330.26
16102,2019,10058.63
16103,2009,192.66
16103,2010,1120.16
16103,2013,644.19
16103,2014,824.85
16103,2015,357.09
16103,2018,201.19
16104,1994,3675.88
16104,1997,2925.0
16104,1998,3491.15
16104,1999,3008.03
16104,2000,4799.59
16104,2001,5873.08
16104,2002,2962.66
16104,2003,5640.91
16104,2004,616.89
16104,2006,5831.21
16104,2007,5710.929999999999
16104,2008,12454.869999999999
16104,2009,2752.45
16104,2010,1907.09
16104,2011,3295.7799999999997
16104,2012,2844.42
16104,2013,3997.1499999999996
16104,2014,5242.17
16104,2015,4854.360000000001
16104,2016,5962.26
16104,2017,843.09
16104,2018,1818.5900000000001
16104,2019,1514.1599999999999
16105,1995,2576.67
16105,1997,833.66
16105,1998,467.6
16105,2000,2940.4
16105,2002,870.9100000000001
16105,2003,3800.95
16105,2004,6925.89
16105,2005,344.8
16105,2006,155.14
16105,2007,2609.58
16105,2008,7337.69
16105,2009,2193.97
16105,2010,9671.75
16105,2011,8190.17
16105,2012,5979.4400000000005
16105,2013,10703.98
16105,2014,816.32
16105,2015,1583.62
16105,2016,1561.67
16105,2017,5283.74
16105,2019,2735.44
16106,1996,1856.45
16106,1998,684.4
16106,2001,2035.44
16106,2002,2447.8
16106,2003,394.96
16106,2004,3503.53
16106,2005,337.84
16106,2006,1810.96
16106,2007,311.41
16106,2009,641.69
16106,2010,2890.8199999999997
16106,2011,2936.45
16106,2012,4203.0
16106,2016,888.0899999999999
16106,2018,775.99
16106,2019,2809.41
16107,1998,1475.24
16107,1999,2488.99
16107,2000,2590.1099999999997
16107,2001,3024.83
16107,2004,242.66
16107,2009,296.61
16107,2010,335.82
16107,2012,1100.2
16107,2013,2269.27
16107,2014,2853.48
16107,2017,331.28
16107,2019,357.53
16108,1992,527.95
16108,1993,567.63
16108,1994,1001.92
16108,1998,1538.24
16108,1999,753.4
16108,2000,4337.27
16108,2001,5171.63
16108,2002,2484.51
16108,2003,1189.66
16108,2004,3579.38
16108,2005,3861.62
16108,2006,3547.77
16108,2007,5786.13
16108,2008,2045.46
16108,2009,2539.1
16108,2010,18458.04
16108,2011,12783.34
16108,2012,7043.71
16108,2013,4861.28
16108,2014,2355.06
16108,2015,10925.61
16108,2016,6856.77
16108,2018,1279.24
16108,2019,2471.7799999999997
16109,1999,1158.31
16109,2001,2440.45
16109,2002,17973.33
16109,2003,1673.75
16109,2004,8569.94
16109,2005,10148.89
16109,2006,6544.39
16109,2007,9441.66
16109,2008,8570.33
16109,2009,1715.54
16109,2010,4229.88
16109,2011,595.86
16109,2012,2006.11
16109,2013,2132.82
16109,2014,756.24
16109,2015,1509.02
16109,2017,2108.45
16109,2018,1924.4
16201,1998,1732.73
16201,2016,960.34
16202,2006,153.26999999999998
16202,2008,406.29
16202,2016,359.9
16203,1995,2853.86
16203,2018,1169.05
16203,2019,2515.25
16204,2000,729.9
16204,2001,761.81
16204,2016,719.8299999999999
16204,2017,349.5
16205,1990,444.86
16205,1995,430.49
16205,1998,2670.96
16205,1999,546.35
16205,2002,1572.3200000000002
16205,2004,2342.7400000000002
16205,2010,434.53
16205,2014,636.13
16205,2017,676.42
16205,2019,1382.51
16206,1994,1088.3
16206,2003,803.62
16206,2007,474.05
16206,2010,6372.63
16206,2019,278.52
16301,1988,797.2
16301,1990,1343.91
16301,1992,1778.42
16301,1993,528.78
16301,1994,541.79
16301,1995,2801.26
16301,1997,646.34
16301,1998,1168.6100000000001
16301,1999,3179.21
16301,2000,960.77
16301,2001,14776.12
16301,2002,20235.02
16301,2003,27755.729999999996
16301,2004,5506.5
16301,2005,9270.23
16301,2006,10193.46
16301,2007,5151.47
16301,2008,11975.960000000001
16301,2009,9475.380000000001
16301,2010,13911.98
16301,2011,19022.25
16301,2012,29681.29
16301,2013,36606.62
16301,2014,53560.48
16301,2015,88861.38
16301,2016,100074.23
16301,2017,80515.64
16301,2018,75045.32
16301,2019,81374.63
16302,1989,3400.11
16302,1990,3364.3500000000004
16302,1993,2280.34
16302,1994,1964.92
16302,1995,4865.91
16302,1996,820.76
16302,1997,3766.0
16302,1998,1618.6999999999998
16302,1999,1334.51
16302,2000,4699.82
16302,2001,11221.57
16302,2002,15582.92
16302,2003,5075.8
16302,2004,9538.66
16302,2005,3423.94
16302,2006,4504.14
16302,2007,5983.09
16302,2008,9512.55
16302,2009,3155.61
16302,2010,5686.4400000000005
16302,2011,8577.53
16302,2012,7144.929999999999
16302,2013,12867.53
16302,2014,11675.85
16302,2015,7742.28
16302,2016,8541.25
16302,2017,6096.02
16302,2018,21543.54
16302,2019,23986.22
16303,1988,1281.12
16303,1992,258.98
16303,1993,4415.43
16303,1994,1854.98
16303,1995,7011.1900000000005
16303,1996,351.26
16303,1997,4828.52
16303,1999,898.77
16303,2000,2491.02
16303,2001,2756.33
16303,2002,7855.68
16303,2003,9169.25
16303,2004,194.38
16303,2005,1222.96
16303,2006,1765.72
16303,2007,3420.99
16303,2008,3306.42
16303,2009,2339.76
16303,2010,3264.19
16303,2011,786.03
16303,2012,2700.12
16303,2013,1518.51
16303,2014,3864.3199999999997
16303,2015,1499.51
16303,2016,14475.36
16303,2017,1998.41
16303,2018,3633.88
16303,2019,6956.06
16304,2018,1070.0
16305,1997,603.32
16305,1998,3282.27
16305,2000,723.3199999999999
16305,2001,2421.88
16305,2002,8535.720000000001
16305,2003,320.23
16305,2004,2175.16
16305,2005,474.95
16305,2006,1483.92
16305,2007,483.40000000000003
16305,2008,211.49
16305,2009,4222.83
16305,2010,2903.25
16305,2011,1842.26
16305,2012,1264.22
16305,2013,1309.19
16305,2014,4958.05
16305,2015,4852.030000000001
16305,2016,6384.52
16305,2017,8078.759999999999
16305,2018,4868.87
16305,2019,5724.91
