cod_BCN,clase_I,clase_II,clase_III,clase_IV,clase_NC,clase_V,clase_VI,clase_VII,clase_VIII,eligible_area,share_eligible_area,ln_eligible_area
1101.0,,,,,,,,,,,,
1107.0,,,,,,,,,,,,
1401.0,,,,,,,,,,,,
1402.0,,,,,,,,,,,,
1403.0,,,,,,,,,,,,
1404.0,,,,,,,,,,,,
1405.0,,,,,,,,,,,,
2101.0,,,,,,,,,,,,
2102.0,,,,,,,,,,,,
2103.0,,,,,,,,,,,,
2104.0,,,,,,,,,,,,
2201.0,,,,,,,,,,,,
2202.0,,,,,,,,,,,,
2203.0,,,,,,,,,,,,
2301.0,,,,,,,,,,,,
2302.0,,,,,,,,,,,,
3101.0,0.0,1567.95961947,4133.15900106999,1241.10320145,4197.67798582999,4322.42553443,250.60677383,231.850142,635.82350261,6942.2217,1.3553915e-05,8.845521
3102.0,0.0,0.0,260.91392049999996,17.95082366,42.65526958,120.11702026,37.44881279,3.8323452000000002,57.04251249,278.86475,5.444524e-07,5.6343064
3103.0,0.0,1782.88372282,4398.13,912.62794851,3925.8768322799997,0.0,1050.23597340999,197.71092281000003,1648.51,7093.6416,1.3849546e-05,8.867095
3201.0,,,,,,,,,,,,
3202.0,,,,,,,,,,,,
3301.0,0.0,2000.14757756,4547.79506201,1045.35,1770.96291417,0.0,875.92015124,2230.04319121999,1251.18184492,7593.2925,1.4825058e-05,8.935152
3302.0,162.4448722,573.60630404,882.377854119999,1997.95147682999,383.49395035,0.0,106.73,182.92024612,494.83871247,3616.3806,7.0605806e-06,8.193505
3303.0,0.0,499.14665541,948.7486107699999,506.76994872,793.11033418,0.0,536.11,954.1833725399999,1005.64300079,1954.6652,3.816266e-06,7.5784855
3304.0,0.0,44.20347994,564.7758604299989,234.51,321.42502099,0.0,38.32244295,189.24854178,153.302932059999,843.4893,1.646819e-06,6.738732
4101.0,297.36549693,1893.9559422299901,5248.097472559991,2251.02369087,4050.61334049,0.0,1052.07529787,3586.7268404,3301.85318927,9690.442,1.891951e-05,9.178999
4102.0,0.0,2129.63418253,10445.936342389901,4065.23856021,3393.58774799,0.0,274.910850989999,2604.92085053,2669.35866866,16640.809,3.2489326e-05,9.719673
4103.0,0.0,5.162479729999999,288.82276255,135.7292104,0.0,0.0,0.0,247.06545523,237.67282867,429.71445,8.3896964e-07,6.0654454
4104.0,,,,,,,,,,,,
4105.0,0.0,0.0,391.12331453999997,151.89470285,258.431469199999,0.0,595.83370654,1629.99271619,592.73896153,543.018,1.0601822e-06,6.298982
4106.0,76.08635289,508.31049906,1323.23614245,1579.5417469000001,1336.72433055,0.0,550.97857218,2908.58,1966.05291175,3487.1748,6.808321e-06,8.157134
4201.0,0.0,516.44421623,3529.2988134999996,1721.28,1080.94176109,0.0,1696.52,14271.26008044,2349.82243453,5767.023,1.1259471e-05,8.660085
4202.0,0.0,251.68187034,1811.76104798,2194.04,441.91712645999996,0.0,722.954730029999,13157.05155836,1192.6417914199899,4257.483,8.312261e-06,8.356668
4203.0,0.0,0.0,1147.10882208999,593.932420869999,337.40612513,0.0,414.95950786,1262.4071074199999,1396.58714895999,1741.0413,3.3991894e-06,7.462813
4204.0,461.75949647000004,1478.36163853,2821.94983947,1094.13,1523.65619529,0.0,2170.33930679,4489.97052857,1928.05886474,5856.201,1.1433581e-05,8.675427
4301.0,0.0,985.73999366,13604.20452283,3547.1144529499998,2523.9696932,0.0,1006.9308209699999,5359.12,4895.24025602,18137.059,3.5410587e-05,9.805768
4302.0,0.0,529.26048347,440.36480513,488.75,544.99208086,0.0,353.68126144999997,491.319656359999,700.123216849999,1458.3752,2.8473153e-06,7.2857637
4303.0,0.0,664.02830904,3579.7370700300003,2523.62101236,2929.2436788599903,0.0,1482.74988203,3267.86779652,3697.05672854,6767.386,1.3212569e-05,8.820018
4304.0,0.0,0.0,3003.56406127,520.94009196,502.77600897,0.0,183.47529641,36.10686872,632.79146739,3524.5042,6.881202e-06,8.167779
4305.0,0.0,101.82091391,376.55957099,465.88053286999997,456.50184791,0.0,220.044678,926.67053456,831.3246553,944.26105,1.8435646e-06,6.851461
5101.0,0.0,416.413810019999,1409.1869380899998,40.0862501,5102.804879529999,0.0,2595.9068312,20361.00137689,1132.28855369,1865.687,3.6425463e-06,7.5319204
5102.0,0.0,4782.27452092,15054.72163515,5079.91226382,1317.15049392,0.0,9223.95030217,59375.92348529,615.97027471,24916.908,4.864749e-05,10.123342
5103.0,0.0,0.0,226.04291141,649.201398869999,1296.82851452,0.0,1407.34085093,3899.86852293,200.50089189,875.2443,1.7088171e-06,6.775645
5104.0,,,,,,,,,,,,
5105.0,55.05812287,357.88078278999996,1305.82780453,3140.88080289999,1820.5168749,2.5794315699999997,7225.10200638,13863.62143945,2158.6315244399902,4859.6475,9.487921e-06,8.488927
5107.0,0.0,132.4,1158.57302807,2373.22354483,1308.59660181,0.0,2448.76248958,3867.5777701299903,3295.7582722899997,3664.1965,7.1539357e-06,8.206637
5109.0,0.0,0.0,0.0,0.0,5085.68038247,0.0,574.87055252,6360.93999825,21.607469929999898,0.0,0.0,0.0
5201.0,,,,,,,,,,,,
5301.0,1194.11247175,229.01352422,481.54688642,224.38508584000002,985.2692011099989,0.0,198.83956131,840.2614449399989,491.46055749000004,2129.0579,4.1567487e-06,7.663904
5302.0,2345.27843131,1198.41792650999,862.272594099999,397.11715791000006,233.31987397999998,0.0,647.16246721,4038.85161393,5201.25624928,4803.086,9.377491e-06,8.477222
5303.0,1987.8494300099999,603.3010779,286.20765822,744.00937939,169.04,0.0,2210.9607084,2379.03585577,3901.6091608999996,3621.3674,7.0703168e-06,8.194883
5304.0,2130.23992983,182.8766013,1899.91188143,1147.4637809,379.1,0.0,493.62591217,3094.98357876,4227.51,5360.492,1.0465765e-05,8.586998
5401.0,469.01769879,2443.65205084,2862.11119485,4739.89618016999,2461.53727047,0.0,3814.24639056,51339.247748370006,4519.92451678,10514.677,2.0528736e-05,9.260622
5402.0,182.048910659999,1889.4301814799999,3547.96300564,937.13268854,2502.76025452,0.0,846.01356677,41270.94882885,4513.36158934,6556.5747,1.2800982e-05,8.788376
5403.0,116.20480294000001,491.16453937,1783.00571606,2837.09549404,579.98059402,0.0,348.538617109999,6371.42,838.32170533,5227.4707,1.0206055e-05,8.561874
5404.0,110.25590047,766.4806538700001,1758.34558610999,3055.21438765,1607.96729764,0.0,5961.604652890001,34060.834429659895,2468.07863666,5690.2964,1.1109671e-05,8.646693
5405.0,17.01298284,224.95139555000003,1278.7941467,4765.35274845,998.24399267,0.0,1539.2557405300001,19285.29065026,708.7955774599999,6286.1113,1.22729325e-05,8.746257
5501.0,80.97618819,1383.15827354,5154.10029475,1584.53569411,2061.61422507,52.3289331399999,5216.991416309999,14090.67,499.1947984,8202.7705,1.6014996e-05,9.012349
5502.0,7.70300328,342.91052009,689.56006425,128.8759518,1034.66004942,93.4691027199999,120.66262401,3196.66769035,326.68836162,1169.0496,2.2824393e-06,7.064801
5503.0,54.56351502,1917.57087441,2792.3630521100004,1342.72990907,515.30523557,17.06039861,3695.9104083099996,11561.58317616,2711.33165224,6107.2275,1.1923682e-05,8.717392
5504.0,239.99,844.90841092,1238.73316355999,286.6224218,333.69426157,45.92829287,241.13511445,4422.1532436199905,133.06412997,2610.254,5.0962303e-06,7.8675857
5506.0,615.02617792,2275.99407289,2284.01914304,874.87825274,2644.88465273999,0.0,953.9688586,23832.625920349998,416.52013671,6049.9175,1.18117905e-05,8.707965
5601.0,0.0,1774.29406255,1347.5740433299898,8397.14598861,2675.0458449,0.0,5010.18,20173.832017329998,611.942726039999,11519.014,2.2489592e-05,9.351841
5602.0,0.0,115.42010118,257.95153839,5521.81,1191.45274361,0.0,4753.46635796,5722.262124699991,0.0,5895.1816,1.1509686e-05,8.68206
5603.0,0.0,1685.10340412,1233.1981523,2628.1,947.28008261,0.0,3336.7327818999997,14175.3176999,378.83466318999996,5546.4014,1.0828731e-05,8.621085
5604.0,0.0,0.0,45.1482677,1929.88175932,1399.23731917,0.0,1191.41632451,442.42118237,57.2647524699999,1975.03,3.8560265e-06,7.5888453
5605.0,0.0,144.51273706,86.38060608,2410.50270073,1539.29575624,0.0,2474.93,2891.39281125,367.45789936,2641.396,5.157032e-06,7.8794413
5606.0,0.0,1872.47165977,4412.319809340001,6611.07080901,3740.48262692999,0.0,12443.88586636,21025.10751293,3186.7078833899996,12895.862,2.5177736e-05,9.46474
5701.0,4290.867559089999,1326.43919699,966.69,320.71520645,1706.81755888,0.0,907.88137617,2332.68923199999,3778.9969985499997,6904.712,1.3480681e-05,8.840104
5702.0,466.590943749999,1172.58325796,2689.9272418600003,738.9415136700001,1089.8132295100002,0.0,616.31345078,4078.892305,2962.00331329,5068.043,9.894789e-06,8.530908
5703.0,29.12398099,1886.60040734,2829.0725839999996,1083.82001738999,617.55194163,95.42210437,3471.38053676,14027.65998753,10843.263183989999,5828.617,1.1379726e-05,8.670707
5704.0,280.5011624,402.14113339,2248.7486396199897,1138.48106424,379.75,0.0,543.916825189999,2532.3738703300005,4508.59060137,4069.872,7.945972e-06,8.311612
5705.0,2179.86893501999,1274.04514848,1982.7752765100001,4665.56738588,1260.25190769,0.0,1480.26771444,3114.6413519499997,10370.07289071,10102.257,1.9723531e-05,9.2206135
5706.0,3275.81952068,761.5861332899999,697.12850621,3371.00271612,442.18003307,0.0,158.26702161999998,2249.49557391,759.0142163199989,8105.537,1.5825159e-05,9.000426
5801.0,0.0,1803.19393276,94.2306812699999,833.3327567199999,2969.55546087,0.0,3822.8745142299904,35221.43781089,8902.990931319999,2730.7573,5.3315e-06,7.9127
5802.0,33.7159549599999,697.4237654,3553.6279999799904,1193.8873177,1832.7492759299998,0.0,1857.2142843199902,18270.11504372,2048.72104215999,5478.6553,1.0696464e-05,8.608797
5803.0,0.0,512.06967049,1274.15804162,471.62459837,795.7079093199999,0.0,1818.8922817099901,15447.71949758,2811.80491438,2257.8523,4.4082053e-06,7.722612
5804.0,0.0,336.53029404,182.55033115999902,111.3458302,2083.00260104999,0.0,1076.72121864999,5340.4329283,506.09397024,630.42645,1.2308375e-06,6.4479814
6101.0,5872.90878969,3020.6987525999903,2384.6831145700003,416.56770743999897,3647.9752417,0.0,1647.8351098300002,6426.35,2676.98322689,11694.858,2.283291e-05,9.36699
6102.0,1222.95,2787.93377073,2682.0737876399903,1992.5255579299999,759.65860012,0.0,621.6117822399999,6417.93828198999,5227.52828419,8685.483,1.695744e-05,9.069524
6103.0,0.0,870.6452712199999,1860.39324932,965.20847205,842.57,0.0,800.5563311899989,3857.44,537.32111855,3696.247,7.216511e-06,8.215343
6104.0,1089.60621786999,3303.3322259299903,3710.00924091,1142.76225441999,777.54,0.0,650.26636301,9265.94841664999,2252.8044652599997,9245.71,1.805122e-05,9.132023
6105.0,67.4900468799999,1419.91892059,719.08252051,586.1593639499999,892.03700368,0.0,44.21,3876.89771021,450.73379096,2792.651,5.4523402e-06,7.9351044
6106.0,1664.97889348,3303.79532164,1722.07708924,677.988971469999,335.08279022,0.0,202.08543684999898,3033.54434218,305.28863476,7368.8403,1.4386841e-05,8.905151
6107.0,243.47769172,4139.35686802999,7954.471087539991,5712.33453043,6483.59058897,0.0,9947.79881389,35337.26111612,5306.70968352,18049.64,3.5239915e-05,9.800937
6108.0,1842.0245561699999,990.14929288,1160.12827714,113.15,1958.44,0.0,397.44086436,15583.7077336,18692.32753243,4105.452,8.015439e-06,8.320314
6109.0,2180.75783312999,3006.4553919600003,1963.79989497,983.5995888699999,448.6079314,0.0,294.22231957,4492.13382389,456.06350535999997,8134.613,1.5881926e-05,9.004006
6110.0,269.14153685,1824.6188430899902,3570.6159860899998,2556.73693823999,1461.5835274299998,0.0,1807.79150607,13843.5438989599,18099.48543388,8221.113,1.6050808e-05,9.014583
6111.0,2166.40049439,133.98154166999998,466.09752434,352.12401278000004,974.91005309,0.0,0.0,264.39,64.46207599,3118.6035,6.0887264e-06,8.045462
6112.0,1395.55766077,3576.48508981,1590.3923622999998,497.90210662,626.70707506,0.0,682.6170660599989,6336.26282233,814.51706786,7060.3374,1.3784523e-05,8.86239
6113.0,1673.17906509,3478.43267801,5034.61363302,5151.4390957,2240.61545596,0.0,3236.8740208699996,10780.40921238,355.39900976,15337.664,2.9945082e-05,9.638132
6114.0,36.64273336,1613.27,4291.46929198,731.81678886,276.500270479999,0.0,242.37952766,1483.1369587699999,0.0,6673.1987,1.3028678e-05,8.806005
6115.0,672.41935518,3586.6954048400003,7738.95276144,2498.3626835,975.58,0.0,212.36797757,1713.78696044,74.7805359,14496.431,2.8302667e-05,9.581727
6116.0,3260.42858602,3138.1952231099904,7592.323495449999,742.35729177,4174.8728802099995,0.0,468.53974763999895,12855.57,7369.83734511,14733.305,2.8765138e-05,9.597934
6117.0,2578.56657808,7461.699812790001,6778.492121550001,4456.58558132,1864.8619731,0.0,3174.23991939,21384.24600882,778.308974889999,21275.344,4.153774e-05,9.965351
6201.0,0.0,37.29634177,3585.8737423,8738.679851699999,1529.9507845599999,0.0,9161.2127499,47307.47978135,1134.7713702400001,12361.85,2.4135135e-05,9.422451
6202.0,0.0,182.05897531,2010.75,7065.860143329999,1500.71171027,0.0,14224.3905703,18115.1727482399,0.0,9258.669,1.807652e-05,9.133424
6203.0,0.0,205.32000054,4132.23534135,5191.59967585999,456.58232526999905,0.0,19706.60374465,31357.61421831,816.79221368,9529.155,1.8604615e-05,9.162216
6204.0,0.0,3382.9337549600004,8735.03554316,16272.64334157,1314.03717,0.0,11483.074694719999,24401.28312633,214.86855183,28390.613,5.542951e-05,10.253849
6205.0,0.0,98.66766602,1695.21763163,2516.7268267800005,511.8661871,0.0,1736.76841802,22289.3384862099,1204.24578073,4310.6123,8.415991e-06,8.369067
6206.0,0.0,30.26496138,463.05674856999997,2390.77223559,927.23149859,0.0,9638.88,43608.74786579,208.45870481,2884.094,5.6308727e-06,7.967313
6301.0,1475.3714195199998,2697.24195553,9324.49202947999,1503.94520739,2719.90006221,0.0,2008.25269523,9823.81241649,1458.93731256,15001.051,2.9287881e-05,9.615942
6302.0,1035.68541953,3038.30486909,8854.70860109,2171.71911341999,690.54787961,0.0,4422.56272508,17409.07,10114.1228624,15100.418,2.9481886e-05,9.622544
6303.0,966.38761963,3386.2075684499996,16571.07732155,2252.3762583000002,6897.24574497,0.0,1442.61713741999,17432.45338182,830.5080035699999,23176.049,4.5248657e-05,10.050918
6304.0,0.0,7799.07956466,5156.900829499999,4952.5096476399995,911.04,0.0,6876.730312829999,31874.1985955399,2137.1352002099998,17908.49,3.4964334e-05,9.793086
6305.0,547.11120083,1518.5222370000001,5500.50418881,145.0125721,1077.56636437,0.0,139.31711524000002,5853.78538740999,387.15680881,7711.1504,1.5055163e-05,8.950552
6306.0,767.3067721100001,1861.80258294,11212.90844942,1137.39582503,933.09013526,0.0,729.91381631,6478.785433749999,445.62403102999997,14979.414,2.9245639e-05,9.614499
6307.0,67.83731093999991,900.1971677699989,8668.640439320001,4168.1214333299995,1047.63979474999,0.0,6595.99727728,6838.12773842,24.16645493,13804.796,2.6952328e-05,9.532844
6308.0,667.05864987,1839.7886592099999,2541.38538887,914.59694286,944.81817784,0.0,766.9378901399999,5980.0006462,774.3662115,5962.8296,1.1641761e-05,8.693468
6309.0,0.0,4088.33204546999,6495.68809504,3436.4638994899997,486.59800475000003,0.0,6323.109212719999,23252.830022449998,53.373589200000005,14020.484,2.7373435e-05,9.548346
6310.0,608.00384288,3727.27252304,8661.54726756,1885.18844106,1607.22365803,0.0,1847.60122975,15182.61,5823.496366659991,14882.012,2.905547e-05,9.607976
7101.0,18.7624616499999,8257.71312572,3757.7450123,3314.52038287,3486.28488775,0.0,1156.81809906,2180.2111868799902,1032.8264563299902,15348.741,2.9966708e-05,9.638854
7102.0,0.0,751.79200901,4429.69730763,9278.74261400999,9278.74,0.0,21561.18792053,86433.3226676,8784.96381973,14460.231,2.8231992e-05,9.5792265
7103.0,420.53365944999996,2237.83351408,4538.76732621,4180.08,1909.13783707,0.0,10883.99184067,80411.31255465001,2528.1574967300003,11377.215,2.2212746e-05,9.339456
7104.0,0.0,0.0,3996.1439547,2494.79768114999,93.88289786,0.0,11054.617887779901,38855.1712766399,94.64413422999999,6490.9414,1.2672841e-05,8.7783165
7105.0,0.0,186.77524154000002,5260.25711624,7768.6615547500005,2599.4260807699998,0.0,2083.68632204,5054.11823267,1352.40577771,13215.694,2.5802172e-05,9.489236
7106.0,0.0,4576.70637113,9450.587868569999,10327.27612327,297.30653570000004,0.0,2302.42213170999,5166.07471413,977.8176662599999,24354.57,4.7549587e-05,10.100516
7107.0,3684.08,1307.1593905299999,6581.9469432899905,8143.63181636,1164.72362683,0.0,11114.12647723,62723.8898276599,871.9694858299989,19716.818,3.8494894e-05,9.889278
7108.0,406.71788799,12207.88911099,12181.5561349799,3541.86983458,701.98175372,0.0,4464.63422284,6699.327734879999,1786.7764797299901,28338.033,5.5326855e-05,10.251995
7109.0,641.36,15616.8288417899,15025.458208759901,12659.48,3740.01552858,0.0,7904.1783496199905,15843.91601408,1432.7720036399999,43943.13,8.579407e-05,10.690675
7110.0,17.9396401099999,2731.1056358999904,10419.41,4426.15520811,358.83464526,0.0,4063.0873126099996,3494.27965337999,789.7369512,17594.611,3.435152e-05,9.775405
7201.0,709.84632742,3261.47320305,24657.94326105,62608.45946332,2158.98436712,0.0,38808.52090006,79935.53689168,602.7281646399999,91237.72,0.0001781315,11.421235
7202.0,0.0,1167.7804151,7005.74306174,5369.93166734,249.6497014,0.0,7676.442598299999,30694.307128220004,664.2160075,13543.455,2.6442089e-05,9.513733
7203.0,0.0,289.654684519999,1501.2453574400001,4297.97,223.98,0.0,10706.90359006,19100.48389375,799.01942516,6088.87,1.18878415e-05,8.714382
7301.0,718.6102145499999,3676.2484824800003,13608.3190478599,5955.91524206,4561.21,0.0,2124.00927989,18684.30629265,955.60061784,23959.094,4.6777463e-05,10.084145
7302.0,412.47241185999997,2132.77634141,5205.8726221,4128.801435339999,1212.09810374,0.0,5308.597692169999,43834.1265395599,676.86690829,11879.923,2.3194227e-05,9.382689
7303.0,401.38951568,933.85925885,2012.91723704,803.16390684,1015.92495403,0.0,3499.4061825900003,18414.58,212.07911013,4151.33,8.10501e-06,8.331425
7304.0,524.1957503599999,1973.35075933,8965.62174427999,11806.599991289899,1603.64504022,0.0,3491.2510776999998,11906.11032462,682.03422858,23269.768,4.5431632e-05,10.054954
7305.0,204.018843699999,899.67111849,3950.4699305599997,3026.26509065,1236.84573989,0.0,3726.08464087,17380.3,249.48389669,8080.425,1.577613e-05,8.997323
7306.0,443.976991,1749.04891624,8964.97132474999,1403.1653313,1623.2136380600002,0.0,637.7591797800001,15646.651035549901,242.26274441999902,12561.162,2.4524272e-05,9.438444
7307.0,493.43418468,2465.40811608,11541.74,6317.7259375700005,2611.9471835199997,0.0,4435.95745135,26548.12904678,1027.74190298999,20818.309,4.064543e-05,9.943636
7308.0,836.9345301599999,2721.4748873399903,17796.8229228599,8924.45036103,2048.7560197499897,0.0,1020.60274319,12499.999904029999,6332.25561062,30279.684,5.9117712e-05,10.318265
7309.0,0.0,552.4180827499999,832.02,268.902733729999,2327.26741608,0.0,5977.08762480999,34744.47667522,473.81417692,1653.3408,3.227964e-06,7.411158
7401.0,196.17441037999998,3448.05809434,19266.9372894199,6257.96,3266.4416162999996,0.0,3157.4549034600004,24024.57,2482.18100254,29169.129,5.6949477e-05,10.280901
7402.0,124.37251273999999,2919.86,11366.48545301,3994.79745131,4174.5990412,0.0,760.649691239999,17142.7818684199,429.5873686,18405.516,3.593472e-05,9.82046
7403.0,8233.72825745,3572.05262417,24869.8381009799,7627.20092038,2165.36658386999,0.0,7490.95100046,12045.98406638,2221.24086693,44302.82,8.649633e-05,10.698826
7404.0,3051.37567077,8686.51,28848.83553062,32509.53,1632.8491748499998,0.0,1289.854513,14655.484194449999,3876.20568764999,73096.25,0.00014271229,11.199546
7405.0,8751.81331895,9985.61,31582.24451366,22406.9116560799,1534.83253609,0.0,1650.2732472199998,3281.7887507,3534.11050473999,72726.58,0.00014199055,11.194476
7406.0,331.99867372,3671.28097268,20265.10120083,24420.0038909799,4405.12569729,0.0,16918.89844523,59308.677021129995,1936.5216632699999,48688.383,9.505865e-05,10.793217
7407.0,511.49577144,823.59375886,10975.66798493,4573.04540881,583.5486479999989,0.0,158.27314217,781.31277024,464.86614655,16883.803,3.2963744e-05,9.734169
7408.0,112.52145438999999,605.1974755,15349.73548043,4567.4543210599995,810.5656834600001,0.0,3240.82,800.4970102,411.44481684,20634.908,4.0287363e-05,9.934788
8101.0,0.0,0.0,678.53846949,213.1669125,3907.70385014999,0.0,268.43979486,16966.0,35.050610119999995,891.7054,1.7409556e-06,6.7942567
8102.0,0.0,0.0,917.90404538,2319.58112682,3571.2519816,0.0,534.186265429999,16907.7031223499,833.64320637,3237.485,6.3208295e-06,8.082861
8103.0,0.0,0.0,66.58664519,2.14736491999999,2081.44436824,0.0,0.0,4964.5,41.92124856,68.73401,1.341955e-07,4.244688
8104.0,0.0,6.08740513,1306.73265265,1947.08924859,503.60042737999896,0.0,7669.57457893,49258.05774754,0.0,3259.9094,6.3646103e-06,8.089762
8105.0,0.0,189.626475549999,2800.39729936,717.1589551599999,3245.0284864399996,0.0,1887.9973338,44597.099240049996,256.733497419999,3707.1826,7.2378616e-06,8.218297
8106.0,0.0,0.0,66.69286893,126.56032522,798.94287821,0.0,670.94979327,9761.08845413,16.9500784399999,193.25319,3.7730535e-07,5.269162
8107.0,0.0,12.07899143,204.57591886999998,148.13196607,928.07742722,0.0,626.38940051,8856.38034363,71.48744422,364.78687,7.1220575e-07,5.902051
8108.0,0.0,0.0,192.61969359,1614.57164476,3655.55,0.0,431.81893271,4785.30465403,618.80094621,1807.1913,3.52834e-06,7.5000825
8109.0,0.0,0.0,2646.6353028599997,2375.53635927,2653.77995516,0.0,8170.904668609999,61821.41779388,248.51017117999902,5022.172,9.8052315e-06,8.521817
8110.0,0.0,6.5145494600000005,153.07742795000001,1132.9164990699999,3377.81649926,0.0,359.4995139,4127.74335033999,7.06444196,1292.5084,2.5234788e-06,7.1651134
8111.0,0.0,0.0,474.02137396,1550.3986171000001,1437.13719017999,0.0,7497.39435794,38454.99,3.47043672,2024.42,3.952455e-06,7.6135325
8112.0,0.0,28.63050758,306.27929374,656.16,2028.2203539400002,0.0,240.05508519,1947.6205470299901,152.789026619999,991.0698,1.9349536e-06,6.8997936
8201.0,0.0,1184.61633695,7504.64478762,7967.48530923,955.18949401,0.0,4907.412227979989,27974.88543264,723.89773193,16656.746,3.2520442e-05,9.720631
8202.0,0.0,296.10110632,8755.65731259,8766.69134589,2117.84408915999,0.0,10808.35853235,61408.4589441499,3721.56316509,17818.45,3.478854e-05,9.788046
8203.0,0.0,9663.59259841,12503.590286749999,8938.654295100001,4036.02108362,0.0,6386.93318156,65921.1225331399,1636.34156069,31105.838,6.0730687e-05,10.345183
8204.0,0.0,442.44435150999897,1300.6728122,682.21901389,3402.55583378,0.0,7259.495093279999,50954.047674349895,29.95160722,2425.3362,4.735199e-06,7.7941375
8205.0,0.0,0.0,2323.57843417,10688.77,1367.58583291,0.0,12278.08726535,73892.34601312,12.62073901,13012.349,2.5405163e-05,9.473731
8206.0,0.0,3195.8395249599903,8874.15321335,3521.8919085400003,1033.48116723999,0.0,2670.5186970899904,40273.56,640.33172898,15591.885,3.0441419e-05,9.65457
8207.0,0.0,384.12824696999996,3822.76432056999,6180.1800176,3016.79998596,0.0,8785.96600889,38264.66,2366.19751035,10387.072,2.0279602e-05,9.248413
8301.0,18575.99540308,16047.1,33234.8858632599,45492.8901154399,7041.74630121,0.0,34525.572505920005,18863.21869508,1253.7516132199999,113350.875,0.00022130497,11.638252
8302.0,0.0,672.07775322,1850.3218188199999,3186.02456754,2468.61484236,0.0,1597.3250218,12834.77418237,81949.86397441,5708.4243,1.1145064e-05,8.649874
8303.0,0.0,881.88956658,19587.6396240799,31317.60567952,1669.0723210299998,0.0,7543.97284028999,4462.46775983,298.5083854,51787.137,0.00010110862,10.854917
8304.0,0.0,0.0,8063.781815820001,5298.884733919999,1824.1921342199998,0.0,4949.94261496,14371.46092663,56.02645521,13362.667,2.608912e-05,9.500295
8305.0,1594.1372509599998,17415.03366255,26014.466260229998,38526.71830206,2447.14879753,0.0,19496.67224916,43317.859966879994,43454.71,83550.36,0.00016312278,11.333217
8306.0,214.42103976,763.23129763,2833.0810859099997,3739.0165000999996,2236.10632032,0.0,8497.404312480001,72281.73834019,59.33760265,7549.75,1.4740047e-05,8.929402
8307.0,978.77553661,4514.13345966,5584.30051603,1473.94790866,528.79257761,0.0,853.6184958499999,1508.41108128,111.84642288,12551.157,2.4504738e-05,9.437648
8308.0,0.0,5723.206544979999,1842.00331354,10536.942334149999,3197.54007665,0.0,5265.990248380001,11097.75175875,74734.2755812,18102.152,3.5342437e-05,9.803842
8309.0,561.68946148,8013.449678019991,9451.69851054,15358.07322419,1316.21115051,0.0,27285.046655579998,23059.41518873,26822.2775965799,33384.91,6.518032e-05,10.415889
8310.0,0.0,140.73905345,745.23677669,439.67732326,1019.50156765,0.0,934.8590358,6106.686775499999,74.55,1325.6532,2.5881902e-06,7.1904144
8311.0,1028.8451838,11119.52238364,4277.90574017,17687.98240426,1472.90164059,0.0,9814.26819906999,26658.82448676,53115.98164064,34114.254,6.660428e-05,10.4375
8312.0,0.0,12313.378576950001,2730.12,5705.51616386,2065.3106717299897,0.0,11840.3501254499,23694.51,33078.3250306899,20749.016,4.0510145e-05,9.940302
8313.0,0.0,1392.54894436,8940.06775070999,10833.92251893,1548.6757345399901,0.0,7721.64993661,42376.40498751,1.4188336499999998,21166.54,4.132531e-05,9.960224
8314.0,0.0,0.0,340.4640206,3184.32810756,1527.1585879499999,0.0,505.04910774,2077.51839724,101862.20574645001,3524.7922,6.8817644e-06,8.16786
9101.0,0.0,1518.12,9141.14489508,9663.13584058,4364.33254263,0.0,3548.8467255299997,17994.427449029998,528.29421097,20322.4,3.9677227e-05,9.919528
9102.0,0.0,1735.57257951,3628.50395581,1816.13267514,1805.56194611,0.0,38504.6238187,69502.82113124,16958.033100829998,7180.209,1.4018559e-05,8.879223
9103.0,0.0,3783.69022912,28612.4283104499,23261.24334456,10294.3381798,0.0,24624.45715233,86268.76898672,7710.69906562999,55657.363,0.000108664804,10.926988
9104.0,0.0,0.0,400.07668896,871.55730926,70.92972306,0.0,1914.0889768499999,12078.84264647,6006.01688587,1271.634,2.4827239e-06,7.1488442
9105.0,0.0,26659.47194027,25159.9770820699,10485.84776552,3103.22349538,0.0,10120.38018997,10146.39548657,1445.89140939,62305.297,0.00012164416,11.039818
9106.0,0.0,126.87680333,10022.87493981,7575.197770009991,543.97132415,0.0,10647.8242861799,27241.934073200002,728.60835049,17724.95,3.460599e-05,9.782784
9107.0,0.0,5858.65552034,10437.9613818,7720.800652989999,1307.0501886,0.0,8983.63957614999,34826.98952609,9.83299611,24017.418,4.6891335e-05,10.086576
9108.0,0.0,4402.00588333,37646.62705748,14642.14586712,3230.14150023,0.0,6055.18475291,24364.19595591,347.644320609999,56690.777,0.000110682435,10.945384
9109.0,0.0,4839.66,16893.13002841,10331.80307006,912.9110125999999,0.0,10278.96,53929.57147941,65.6459334599999,32064.594,6.260255e-05,10.375539
9110.0,0.0,223.46140577999998,1638.62366501,1558.11802924,1675.2520026499901,0.0,6537.394305249991,22687.97982507,19121.32075219,3420.2031,6.677566e-06,8.137748
9111.0,0.0,4665.37388783,10151.647112240002,19312.58371096,1703.97974601,0.0,14728.87425389,21469.5389645699,1200.03056231,34129.605,6.663425e-05,10.43795
9112.0,0.0,9008.15255523,16764.73361307,7390.67513735,2317.99715047,0.0,2330.01413396,8371.30433477,257.25,33163.562,6.4748165e-05,10.409237
9113.0,0.0,300.98092180000003,23206.7726768899,5185.82888254,1492.71898242,0.0,696.5696624799999,2192.19474232,60.66714964,28693.582,5.6021025e-05,10.264463
9114.0,0.0,11146.95,17414.18494377,10622.53458003,3000.9593646400003,0.0,5362.54,9542.48270595,1321.4805646799898,39183.668,7.6501754e-05,10.576041
9115.0,0.0,0.0,661.97,11028.90822824,11076.59089215,0.0,14277.59,56379.54,13740.246691539998,11690.878,2.2825137e-05,9.36665
9116.0,0.0,270.3523779,1827.0804989399999,1061.70318699,7190.24783604,0.0,17777.76,9969.81942449999,1711.14662205,3159.136,6.1678616e-06,8.058371
9117.0,0.0,9006.93680098999,13735.71439926,9203.01550604,1511.55,0.0,6914.398594159999,22441.846717899996,2850.6027264400004,31945.666,6.237036e-05,10.371823
9118.0,0.0,3022.09666961,7287.436668650001,6832.3978928099905,1179.55961304,0.0,8461.44282363,54543.99332517,3954.2206297400003,17141.932,3.3467713e-05,9.749341
9119.0,0.0,14775.36017827,34718.685465869996,13909.81142405,3152.01382029,0.0,22243.51228507,45961.419024619994,6923.64545342,63403.855,0.00012378897,11.057296
9120.0,0.0,5702.25329437,24452.74351773,27177.62893326,18254.08513675,0.0,9480.69249309999,40403.68474007,3844.01670367,57332.625,0.00011193557,10.956642
9121.0,0.0,152.29792702,1673.04761758,10327.50120564,644.8274729,0.0,5670.21048571,24327.89348001,4.76105109,12152.847,2.3727081e-05,9.405401
9201.0,3156.4878540699997,3160.35644942,4308.31067699,11195.32859585,1720.14776252,0.0,7777.0983572,88403.55330832001,229.41450232000003,21820.484,4.2602067e-05,9.99065
9202.0,0.15939120999999998,36194.121532209996,15757.2,13332.28552467,1424.4802188199901,0.0,9301.42042353,35378.0988095799,19322.5977790399,65283.766,0.00012745928,11.0865135
9203.0,0.0,17655.06653825,7018.13927372,12937.523418129998,1643.94120193,0.0,16533.90167358,28114.07446574,54647.25738127,37610.73,7.343077e-05,10.535071
9204.0,0.0,11255.0299424999,10573.043779439999,7135.01799131,396.00688416,0.0,6839.01070938,13730.7190659899,2.51707583,28963.092,5.6547215e-05,10.273812
9205.0,0.0,0.0,0.0,0.0,10.92985827,0.0,0.0,0.0,986.28114317,0.0,0.0,0.0
9206.0,0.02664556,0.16621598,6869.17531323,9536.15624335999,473.29579828,0.0,15166.26401361,52900.22203858,16.2111785699999,16405.525,3.2029962e-05,9.705435
9207.0,0.0,228.58923024999999,4232.154255149991,2382.36102983,472.85,0.0,5530.177402339999,91518.13600560991,6896.1720888,6843.1045,1.33604e-05,8.831143
9208.0,0.0,0.0,2429.48671648,5673.37361898,437.52237805,0.0,6100.091033000001,31418.12634865,448.13679561,8102.8604,1.5819933e-05,9.000095
9209.0,2476.69988132999,4978.08437248,5938.96978342,2401.17464496,880.20524391,0.0,1573.0782635599999,8252.57106342,82.94230834999999,15794.929,3.083784e-05,9.667507
9210.0,0.0,256.32389194,16088.459549950001,16934.282854659898,990.4600208300001,0.0,26085.0791934999,27885.7935460099,1599.63415551,33279.066,6.4973676e-05,10.412714
9211.0,0.0,33813.44090815,25456.4344356599,51114.77234135,2198.6076349,0.0,5314.89904193,8360.552177200001,67.27511913,110384.65,0.00021551375,11.611735
10101.0,0.0,2444.6075907100003,10843.22052642,13308.36,79126.68121021001,554.9197449,37293.184665479996,15907.49805944,4024.35,26596.188,5.1926098e-05,10.1885605
10102.0,0.0,746.7438668699999,8719.91576179,2864.81293318,8569.48270571,567.167322719999,14669.45337575,15732.2,1019.4347156199999,12331.473,2.4075827e-05,9.4199915
10103.0,0.0,0.0,1124.20037263,637.7506521299999,26661.4735604,0.0,3935.18136932,4051.2951627399902,8261.77993576999,1761.951,3.4400134e-06,7.4747443
10104.0,281.5557021,7641.2819504,24598.627239729998,16161.593812149998,975.3470633,0.0,20567.8808193,50290.246791640006,7350.715332259991,48683.06,9.504826e-05,10.793107
10105.0,2648.36139418,9279.40703954,29116.20399745,9375.90323719,18768.9608731,0.0,9774.35597581,2597.18046644,1454.51490771,50419.875,9.8439195e-05,10.82816
10106.0,0.0,5224.45,40287.75211525,8443.02748304,827.01179552,552.1436670199989,24897.32309195,38353.47103378,3945.16181110999,53955.23,0.00010534158,10.895928
10107.0,180.34602633,9138.34282751,16811.97163444,3916.4527485899903,7140.84655920999,105.84208790999999,3738.0632855599997,1966.33888079999,405.89184501999995,30047.113,5.8663645e-05,10.310555
10108.0,152.00049300999999,1778.64461164,28639.1737154199,3462.2566679700003,1293.36210534,413.57291045,24567.47602242,7763.40504776999,10861.7233332799,34032.074,6.6443834e-05,10.435088
10109.0,0.0,7082.191618429991,22394.433072500004,11055.07803458,75508.6408706699,104.62213074,29226.3225610099,23663.7014431,37236.78,40531.703,7.913364e-05,10.609864
10201.0,0.0,1503.5589695,4802.16971629,1193.33570761,4840.33598319,803.0498631,7178.15097627,26145.906845060003,469.89754629,7499.0645,1.46410885e-05,8.922667
10202.0,0.0,5048.16829975,19834.340394529998,8028.25559276,2329.72445699,55226.22160524999,24121.80603576,52601.573283820006,7116.05058467,32910.766,6.425461e-05,10.401586
10203.0,0.0,2438.72922665,12972.31572606,14613.527463569999,7537.84576903,10185.18296151,13532.83658199,72830.28368748,2230.21795693,30024.572,5.8619637e-05,10.309805
10204.0,0.0,274.36324179,864.580273939999,0.0,69.0440260299999,34.0432242799999,2954.20214867,3713.59729996,20.41080311,1138.9435,2.2236604e-06,7.038734
10205.0,0.0,590.5011048899989,12385.004915989899,587.49065234,710.82034541,19833.04338855,6826.37190243,75352.25,6822.32443386,13562.997,2.6480242e-05,9.515174
10206.0,0.0,124.90822259999999,3806.2198427899903,2066.96616014,109.1342107,302.5220059,0.0,3147.8816603699997,0.0,5998.094,1.1710611e-05,8.699364
10207.0,0.0,615.005118309999,515.1121057,5199.03897305,8537.22558509,0.0,6841.63220318,10952.91041839,191.64756639,6329.1562,1.23569735e-05,8.75308
10208.0,0.0,3394.57592373,2364.97152653,11369.85111941,25053.21341171,38191.53956228,48835.20156568,164029.17682201997,21364.9351616899,17129.398,3.3443244e-05,9.74861
10209.0,0.0,814.64519532,8543.93,571.57237218,3231.98145238,13074.61358258,5089.28733446,4275.6481259,2148.5958381699998,9930.147,1.9387508e-05,9.203431
10210.0,0.0,5.366176090000001,0.0,0.0,3550.4607965399996,7.45888618,1024.68556532,1235.11633905999,0.0,5.366176,1.0476862e-08,1.850999
10301.0,0.0,31345.903746400003,31672.204534329998,14577.84653277,4154.65628864,0.0,6213.05552512,7650.25318603999,62.59735067,77595.95,0.00015149746,11.259283
10302.0,0.0,17375.065698759998,47369.14180765,11143.815475029998,30668.68622625,0.0,10691.03393649,14935.21090004,32223.45,75888.02,0.00014816292,11.237027
10303.0,4100.28632711999,14186.89018517,28596.46700213,27579.471051779998,1971.4031015799999,0.0,6575.180596409999,47634.29454092,14855.954198750002,74463.12,0.00014538095,11.218073
10304.0,0.0,11821.194717179998,31798.495119960004,7399.39,22427.52052748,0.0,8933.86358112,17803.40504577,27618.5267279199,51019.08,9.9609075e-05,10.839974
10305.0,1194.1543863899901,21477.72486264,19590.61057446,15590.4169425,1416.99403973,0.0,10723.53215551,47548.22737454,10860.69,57852.906,0.00011295136,10.965676
10306.0,0.0,0.0,1041.13000802,10346.66256101,1494.7101118,0.0,26288.9675774899,100603.95602915,11120.00568771,11387.793,2.2233398e-05,9.340385
10307.0,0.0,18735.862714630002,12540.0266314,9476.662266680001,1291.95521237,0.0,9118.00719874,9772.13447125,2214.73727658,40752.55,7.956482e-05,10.615298
10401.0,0.0,0.0,0.0,0.0,0.12074377999999901,0.0,0.0,20.25,22.66411678,0.0,0.0,0.0
10402.0,,,,,,,,,,,,
10403.0,0.0,0.0,0.0,0.0,431.73472253,0.0,0.0,0.0,0.0,0.0,0.0,0.0
10404.0,0.0,0.0,0.0,0.0,0.06735756,0.0,0.0,6.3067436699999995,63.80180171,0.0,0.0,0.0
11101.0,0.0,8295.03223409999,33660.8955476799,64135.03252958,11482.43820221,8236.01174544999,54481.51249894,180233.73279575,162773.01538437002,106090.96,0.0002071308,11.572062
11102.0,0.0,0.0,16706.15398048,4486.42538866,8208.19996394999,666.95215908,58925.41,116557.65906923,212127.3294161,21192.58,4.1376155e-05,9.961453
11201.0,0.0,1122.56075158,5377.378229709991,3700.6672305600005,5644.608487779999,2220.52616451,2551.99852505,65031.46466892,204249.03122797998,10200.606,1.991555e-05,9.230301
11202.0,0.0,0.0,1677.6323217,264.71728678,10104.11826631,6444.96,6992.45683115,121157.47,262781.028127999,1942.3496,3.7922214e-06,7.5721684
11203.0,,,,,,,,,,,,
11301.0,0.0,0.0,0.0,1943.46781118999,25351.7699498599,2807.0680960900004,6251.995510600001,86627.34,193594.412858,1943.4678,3.7944046e-06,7.5727434
11302.0,,,,,,,,,,,,
11303.0,,,,,,,,,,,,
11401.0,0.0,223.66195338000003,418.15,1346.8000271299898,59239.63673645,1699.7908731699902,5406.64629858,35466.5655758,260774.25485553002,1988.6119,3.8825433e-06,7.595695
11402.0,0.0,0.0,43.053056899999994,590.809048529999,40355.67845757,5062.79025119,807.72587159,93622.17764568,202100.64116234,633.8621,1.2375452e-06,6.453408
12101.0,0.0,0.0,3067.9679845699998,2822.03646034,4882.32,578.89779775,559.704701509999,798.082412119999,718.35048609,5890.0044,1.1499578e-05,8.681182
12102.0,0.0,489.96325527,4794.29101534,11517.98296337,10851.669924959999,933.41796928,3247.13,1240.10415781999,1623.2092940499901,16802.236,3.2804495e-05,9.729327
12103.0,0.0,0.0,3491.98629688999,6625.807152349999,162.61509221,0.0,1058.26452636,397.42652067,1598.6815272,10117.793,1.9753865e-05,9.22215
12104.0,0.0,0.0,2550.92187086,9170.78777155,193.4891222,4157.82192848,2329.97989564,127.36341997,1070.75814125,11721.71,2.2885333e-05,9.369284
12201.0,,,,,,,,,,,,
12202.0,,,,,,,,,,,,
12301.0,0.0,0.0,934.35030632,13033.47174652,9194.74201847999,0.0,2404.54417679,0.0,4588.22183356,13967.822,2.7270618e-05,9.544583
12302.0,0.0,0.0,3411.6364129900003,6232.2706243699995,541.05011848,1005.33020441,983.22712107,0.0,1227.77066283,9643.907,1.8828656e-05,9.174186
12303.0,,,,,,,,,,,,
12401.0,0.0,0.0,397.84187984999994,2550.1598969700003,8213.16718394,1397.8406582,299.462236869999,52.26596793,659.1572442099999,2948.0017,5.7556454e-06,7.989222
12402.0,0.0,41.0495717,4617.4996274800005,5981.50390414,196.84232271,2134.51307337,1899.42527497,1860.53861739,579.53164558,10640.053,2.077352e-05,9.272474
13101.0,0.0,0.0,0.0,0.0,2317.9231168799997,0.0,0.0,0.0,0.0,0.0,0.0,0.0
13102.0,0.0,68.23694179,73.52339509000001,0.0,1540.0113555100002,0.0,0.0,0.0,0.0,141.76033,2.7677126e-07,4.9611673
13103.0,0.0,160.463050899999,0.0,0.0,944.08582353,0.0,0.65735622,0.0,0.0,160.46306,3.1328625e-07,5.084276
13104.0,0.0,0.0,0.0,0.0,1093.89,0.0,0.0,0.0,0.0,0.0,0.0,0.0
13105.0,0.0,0.0,0.0,0.0,1425.1841252299998,0.0,0.0,0.0,0.0,0.0,0.0,0.0
13106.0,0.0,0.0,0.0,0.0,1437.37560878,0.0,0.0,0.0,0.0,0.0,0.0,0.0
13107.0,35.34895685,32.58572963,116.29800628,79.82835285,2042.14695969,0.0,233.15648762999902,1914.98889066,43.33669343,264.06104,5.155498e-07,5.5799603
13108.0,0.0,0.0,0.0,0.0,735.2485361199999,0.0,0.0,0.0,0.0,0.0,0.0,0.0
13109.0,0.0,0.0,0.0,0.0,1000.78914711,0.0,0.0,0.0,0.0,0.0,0.0,0.0
13110.0,0.0,126.91997241,0.0,0.02010354,3833.1052325699998,0.0,243.62611623,1007.01580787,603.82545896,126.94008,2.4783637e-07,4.851562
13111.0,0.0,0.0,0.0,0.0,1005.0730999999901,0.0,0.0,0.0,0.0,0.0,0.0,0.0
13112.0,0.0,293.503994139999,1027.9304427899901,0.0,1725.36,0.0,0.0,0.0,0.0,1321.4344,2.5799536e-06,7.1872296
13113.0,0.0,0.0,0.0,0.0,1890.0785616599999,0.0,0.0,324.00333359,123.76082881,0.0,0.0,0.0
13114.0,0.0,0.0,0.0,0.0,4159.95026439,0.0,73.16173752,1125.81477325999,253.28,0.0,0.0,0.0
13115.0,0.0,0.0,0.0,0.0,3230.01372871,0.0,0.0,898.7327282800001,315.75931864,0.0,0.0,0.0
13116.0,0.0,13.2556826999999,0.0,0.0,812.08634369,0.0,0.0,0.0,0.0,13.255683,2.5880246e-08,2.6571555
13117.0,0.0,0.0,0.0,0.0,654.28017688,0.0,0.0,0.0,0.0,0.0,0.0,0.0
13118.0,0.0,0.0,0.0,0.0,1280.89003319,0.0,0.0,0.0,0.0,0.0,0.0,0.0
13119.0,102.47551437,2026.5853400599901,3212.42,369.68152837,4926.32016908999,0.0,604.483367009999,2207.52202928,230.14811335,5711.1626,1.115041e-05,8.650353
13120.0,0.0,0.0,0.0,0.0,1689.25892074,0.0,0.0,0.0,0.0,0.0,0.0,0.0
13121.0,0.0,0.0,0.0,0.0,872.95225352,0.0,0.0,0.0,0.0,0.0,0.0,0.0
13122.0,205.35910647999998,0.0,0.0,0.0,2981.0336653000004,0.0,73.8775853899999,882.1808168599999,300.84056047,205.3591,4.009408e-07,5.329618
13123.0,0.0,0.0,0.0,0.0,1444.4185473000002,0.0,0.0,0.0,0.0,0.0,0.0,0.0
13124.0,99.89563623999999,477.76445191,4343.3569713,2084.79,4093.2494668699997,0.0,1941.89,4121.41,2694.37183392,7005.807,1.3678059e-05,8.854637
13125.0,70.47664463,139.20312873,261.50211641,514.3246127799999,2367.91169061999,0.0,678.30022222,1342.3558908999998,357.72709477999905,985.50653,1.9240917e-06,6.89417
13126.0,0.0,0.0,0.0,0.0,1180.42593222,0.0,0.0,0.0,0.0,0.0,0.0,0.0
13127.0,0.0,0.0,0.0,0.0,1561.0942089899902,0.0,0.0,0.0,0.0,0.0,0.0,0.0
13128.0,176.12590156,358.69,56.81526547,0.0,1400.93773386,0.0,12.3844167,201.98424617,161.15616013,591.63116,1.155094e-06,6.384572
13129.0,0.0,0.0,0.0,0.0,993.6938025300001,0.0,0.0,0.0,0.0,0.0,0.0,0.0
13130.0,0.0,0.0,0.0,0.0,962.83415966,0.0,0.0,0.0,0.0,0.0,0.0,0.0
13131.0,0.0,0.0,0.0,0.0,631.43472664,0.0,0.0,0.0,0.0,0.0,0.0,0.0
13132.0,0.0,0.0,0.0,0.0,2550.34658581,0.0,0.0,195.14017224,113.60282058,0.0,0.0,0.0
13201.0,0.0,425.21515019,1363.61,368.99916663,4772.935959410001,0.0,499.19528039000005,995.26955903,379.99983378999997,2157.8242,4.212912e-06,7.677319
13202.0,2428.84053894,1992.41,2653.407861,1125.42209458,1792.9383237099998,0.0,1313.6655551999902,8234.57071346,3377.80282574,8200.08,1.6009744e-05,9.012021
13203.0,0.0,20.19643787,43.53683833,0.0,113.29480043999999,0.0,120.43723673000001,92.68,113.73069459000001,63.733276,1.2443213e-07,4.170275
13301.0,5163.50326053,4793.83974416,4042.5513399899996,2597.70617988,5893.9363148699995,0.0,2913.71091833,23893.27000612,17925.2369949399,16597.6,3.2404965e-05,9.717073
13302.0,1014.22075940999,2786.48,8126.95677481,5734.8881561,2026.11,0.0,2193.94754865,17815.0903706399,5253.9343971199905,17662.545,3.4484154e-05,9.779258
13303.0,2515.80192321,5396.7223294099995,2500.8691277599996,1784.27714736,2828.37061951,0.0,4573.96,29286.14504882,16579.03891857,12197.671,2.3814595e-05,9.409082
13401.0,2951.1794879,2909.8394355,2459.54508171,162.06997002000003,4492.34504529,0.0,42.59729123,1795.22303513999,571.85727201,8482.634,1.6561398e-05,9.045895
13402.0,6645.5016399,4331.80024781,2091.82296038,2261.77691263,2382.26458429,0.0,505.81005225,2743.3256825000003,740.5767497099989,15330.901,2.9931878e-05,9.637691
13403.0,2929.8522822400005,1580.4482874100001,1748.1897240399999,20.21095919,198.24404367,0.0,22.937546509999997,667.970786689999,143.06856302,6278.701,1.2258465e-05,8.745078
13404.0,1999.40775405,7244.47452271,9077.28221779,4804.24130428,2692.46099375,0.0,2044.98609098,26469.0068983,12646.4253441,23125.406,4.5149784e-05,10.04873
13501.0,997.44615281,18803.9436127199,14139.796810629901,12892.951219769999,4672.62485245999,0.0,14829.005615779999,60388.04886928,8541.4964882,46834.137,9.1438436e-05,10.754389
13502.0,0.0,3225.84332059,1948.74605004,957.6193270399989,3718.01770501,0.0,2292.55,33705.37765042,38592.23812793,6132.2085,1.1972455e-05,8.721474
13503.0,0.0,4162.08247951,4383.94057500999,2157.50682211,1643.66614884,0.0,3752.01620648,48432.1749060199,4878.65475056,10703.53,2.0897452e-05,9.278422
13504.0,118.12461955,6499.4378986500005,5953.509765439991,4378.25993698,561.02269317,0.0,3981.6855173999998,17168.6959055899,769.25726313,16949.332,3.3091685e-05,9.738043
13505.0,0.0,8533.41,6819.09356562,4711.68891558,1159.01693005,0.0,17121.14020115,39041.8690140499,1304.37017558,20064.193,3.9173105e-05,9.906742
13601.0,611.118850139999,3393.46807735,4179.76359822,346.59760354,1237.86517217,0.0,0.0,1439.1899828599999,1314.47903507,8530.948,1.6655727e-05,9.051573
13602.0,93.87150581,2894.09,1947.99351484,1546.60947933,1050.98,0.0,265.61033241,3484.3315796899997,313.84316385,6482.5645,1.26564855e-05,8.777026
13603.0,83.81697869999999,3119.31310072,5448.33,865.3383892400001,1743.16399318,0.0,290.675196629999,4913.52846917,2497.67,9516.799,1.8580491e-05,9.160919
13604.0,227.21560025,908.43607537,2494.89309993,1315.2208261099902,1026.28435905,0.0,107.51165402,1988.6837780899998,0.0,4945.7656,9.656057e-06,8.506489
13605.0,31.534836829999897,1243.4990284399998,2334.4816987,678.6052946,1167.29237406,0.0,123.451025329999,1152.22375545,217.71224141,4288.121,8.372079e-06,8.363837
14101.0,0.0,2520.28020975,5639.79050972,3536.98898622,9377.58007226,0.0,15342.09596972,62195.064386259895,3442.04088696,11697.06,2.2837206e-05,9.367178
14102.0,0.0,0.0,909.95805692,1299.37521735999,1583.71642254,0.0,9389.24858233,59275.67109132,510.08207126999895,2209.3333,4.3134773e-06,7.7008986
14103.0,0.0,14876.6217134,6101.465323539999,2657.1948163800002,3859.7079968999997,0.0,21492.0200896099,81868.14228721999,1280.82272926999,23635.281,4.6145255e-05,10.0705385
14104.0,0.0,2511.5698909099997,22988.267447939998,12178.08114733,722.61675417,0.0,19058.13881982,32822.54161278,39.43740339,37677.918,7.356194e-05,10.536856
14105.0,0.0,6086.3583181799995,16385.37956881,15934.13178022,24073.038607989998,0.0,22039.28,64807.2688056599,16608.01440275,38405.87,7.498319e-05,10.555992
14106.0,0.0,10696.21237603,21816.4728973,17279.31874096,5186.04817557,0.0,28611.74,129351.05530043,614.0511080399999,49792.004,9.721335e-05,10.81563
14107.0,0.0,3535.7835465999997,7111.42823328,5719.38211411,18816.539171890003,0.0,13516.56833898,46028.03256072,33186.01,16366.594,3.1953954e-05,9.703058
14108.0,0.0,2800.85167767999,3387.6300997499998,3005.86343022,29828.479129400002,0.0,21976.7452462,31178.61240944,30960.93028465,9194.345,1.7950935e-05,9.126452
14201.0,0.0,6217.49624504,16554.13169538,14311.1095795,8295.87558845,0.0,23446.4783764399,100793.36119974,9478.31596613,37082.74,7.239992e-05,10.520934
14202.0,0.0,1211.6266225699999,8173.71369987,5267.94802478,671.8819068600001,0.0,8548.7588154,29502.3751214,0.0,14653.288,2.8608914e-05,9.592488
14203.0,0.0,6744.397803859991,7047.5640546899995,4242.58,486.60951596999996,0.0,8998.550916709999,30127.53281923,376.40586181999896,18034.541,3.5210433e-05,9.800099
14204.0,0.0,19460.68616805,48796.3864664,33423.96462224,8306.76892604999,0.0,46066.105161339896,23615.0804763599,7059.6918638,101681.04,0.00019852091,11.529606
15101.0,,,,,,,,,,,,
15102.0,,,,,,,,,,,,
15201.0,,,,,,,,,,,,
15202.0,,,,,,,,,,,,
16101.0,167.98314284,11704.13943668,11869.60985711,10216.52276308,4014.1473683,0.0,1571.43941125,6778.06073643,1450.3457392300002,33958.254,6.629971e-05,10.432917
16102.0,3861.0058702099996,8906.99885505999,11878.63447373,11910.622612,1259.17233724,0.0,2469.7467154700003,2281.94146223,100.714894709999,36557.26,7.137399e-05,10.506662
16103.0,310.822582,5021.510945999999,3692.4282663499903,8306.21511174999,937.864217699999,0.0,2083.76266128,5795.48,124.73135185,17330.977,3.3836805e-05,9.760308
16104.0,1111.36942667,21270.39191408,7668.03395583,5218.63355923,854.43203545,0.0,12170.36557892,12345.21279413,5965.12297483,35268.43,6.8857684e-05,10.470772
16105.0,0.0,22595.589346409997,12683.17165538,7969.62814698,838.59031881,0.0,4699.50257660999,4743.72190599,2804.49399283,43248.39,8.443767e-05,10.674739
16106.0,0.0,10357.365521619999,4189.558128690001,4192.55947536,494.5529085,0.0,5285.88,8114.802895610001,10405.95249208,18739.482,3.6586753e-05,9.838441
16107.0,0.0,1078.8556696199998,5428.010051820001,2077.88974095,1194.43151079999,0.0,1922.8901286,28861.289883449997,137.02167237999998,8584.756,1.676078e-05,9.057859
16108.0,7339.663270159999,12858.79007083,10242.5302472699,1684.64736414,618.88644426,0.0,1873.02943207,1635.93598264,74.35509012,32125.63,6.2721716e-05,10.37744
16109.0,21.45883758,19615.8344471599,13515.88943028,11095.04179148,1324.93427028,0.0,16124.130388399999,10702.211290629999,10072.388342620001,44248.223,8.638973e-05,10.697593
16201.0,0.0,0.0,2189.02818217,4796.42986427,552.452278509999,0.0,9790.73567493,41749.62430791,0.0127554,6985.458,1.363833e-05,8.851729
16202.0,0.0,579.68308027,2552.2736262000003,3868.15,509.87648387999997,0.0,9859.06686397,39357.40868494,273.60138285,7000.107,1.366693e-05,8.853824
16203.0,0.0,510.31415355999997,1060.52754665999,805.71,1202.45996925999,0.0,3713.4618765200003,26687.52189643,313.12290495999997,2376.5518,4.6399527e-06,7.7738266
16204.0,0.0,898.45504383,4351.52230289,3134.68182065999,514.19068519,0.0,7272.114871029999,24174.28583849,13.2875012,8384.659,1.6370113e-05,9.034278
16205.0,0.0,1506.42641878,2132.76620081,1325.1461672099902,642.7198782099989,0.0,2488.29999383,20544.281605350003,316.1891847,4964.339,9.6923195e-06,8.510237
16206.0,0.0,613.56035561,1214.37538877999,848.83153503,742.16395932,0.0,3628.31,17630.9632767299,98.61841134,2676.7673,5.2260903e-06,7.892739
16207.0,0.0,738.33590469,1160.2947017399902,142.459523219999,1397.0117803599999,0.0,2466.03619633999,25157.49621135,281.18363624,2041.0901,3.985001e-06,7.621729
16301.0,3607.33414508,17281.64311108,29939.02433217,17414.04038109,1704.25939232,0.0,4168.3992975,12593.6,1074.8470581399902,68242.04,0.000133235,11.130831
16302.0,283.18842933999997,21959.7382051,13305.6792752,10517.40105161,1546.87897839,0.0,8938.90828725,29985.50570531,10091.032821249999,46066.008,8.993875e-05,10.737852
16303.0,3496.68150161,8029.64862118,12239.63992511,17446.48937463,556.86,0.0,2641.99757466,4129.92902537,692.68876607,41212.46,8.046274e-05,10.62652
16304.0,286.73211383,3512.86286392,337.25087966,3518.85395443,169.75416219,0.0,2056.97256975999,5235.11376325,112.48958776,7655.6997,1.49469015e-05,8.9433365
16305.0,0.0,6505.14,17315.38593334,14176.5531420899,989.96285547,0.0,4901.4624375,12086.5703869899,649.0401543099999,37997.08,7.418507e-05,10.545291
